source_id,kind,path_or_url,read_scope,status,sha256,records,checked_at,limitation
local:.github/workflows/portal-audit.yml,input_cru,.github/workflows/portal-audit.yml,integral,LIDO_INTEGRAL,6080ac1eda476a857982e7940b5f5e2638d05c4d391cc672f72352643d56a041,,2026-07-13T08:15:46-03:00,
local:data/benefits_crosswalk.json,input_cru,data/benefits_crosswalk.json,integral,LIDO_INTEGRAL,552ded43ab72c3fd94c6a92d64bdda554bc56372f668346a784070cac8878f20,,2026-07-13T08:15:46-03:00,
local:data/benefits_quarantine.json,input_cru,data/benefits_quarantine.json,integral,LIDO_INTEGRAL,cb9ae22b8932ee8487606b8db2cb033900b5cacb8b42a3a3036f396a88f7a032,,2026-07-13T08:15:46-03:00,
local:data/corpus-local/legal_sources_registry.json,input_cru,data/corpus-local/legal_sources_registry.json,integral,LIDO_INTEGRAL,d1f538069e43579b52963561f8bd77b813ddb273489f63cef3c0698098765f67,,2026-07-13T08:15:46-03:00,
local:data/legal_inventory.json,input_cru,data/legal_inventory.json,integral,LIDO_INTEGRAL,ba64746aae51f8c972affccd5520fa608e56296221b70583bc27516d4a068204,,2026-07-13T08:15:46-03:00,
local:data/legal_sources_registry.json,input_cru,data/legal_sources_registry.json,integral,LIDO_INTEGRAL,c48b388da9f87867edb1473d1b96d092f1f3ba3c223e4ac3b6b5746d86015273,,2026-07-13T08:15:46-03:00,
local:data/master_source_coverage.json,input_cru,data/master_source_coverage.json,integral,LIDO_INTEGRAL,d890f37d8eb3a5ee3de94e75cc93ff155d95f420da1e2419093fdf6d0df9b609,,2026-07-13T08:15:46-03:00,
local:data/state_curadoria.json,input_cru,data/state_curadoria.json,integral,LIDO_INTEGRAL,a8d905f90761499eab06b5dd98c503df931681d32fbf2a02c0884f01d13b4e76,,2026-07-13T08:15:46-03:00,
local:data/state_source_audit.json,input_cru,data/state_source_audit.json,integral,LIDO_INTEGRAL,358a67a106bc4a20361d3d2025fb962e176e4ce26c622d9f4b72a19cb606e22b,,2026-07-13T08:15:46-03:00,
local:scripts/build_diff_manifest.py,input_cru,scripts/build_diff_manifest.py,integral,LIDO_INTEGRAL,829e29a88ef8d6da69b1331c1502c34a9a8152163b57a6c80153aa7d634a91fb,,2026-07-13T08:15:46-03:00,
local:scripts/validated_benefits.py,input_cru,scripts/validated_benefits.py,integral,LIDO_INTEGRAL,c515723a8ba673f3fedaf77cd4fd18d9289fac9a8d6870d471d2dd4815518e60,,2026-07-13T08:15:46-03:00,
card-source:data/fontes-estaduais-curadas/centro-oeste/DF/DF_DEC_18726_1997_AGRO_DIFERIMENTO_2026-04-26.txt,fonte_local_card,data/fontes-estaduais-curadas/centro-oeste/DF/DF_DEC_18726_1997_AGRO_DIFERIMENTO_2026-04-26.txt,bytes+hash+busca integral de trecho,LIDO_INTEGRAL,7e2f6c6215f8eab5927d11d3351217bb97c7c981e9edb3c94e72de031f1d9959,4,2026-07-13T08:15:46-03:00,
card-source:data/fontes-estaduais-curadas/centro-oeste/DF/DF_DEC_18955_1997_RICMS_2026-04-26.txt,fonte_local_card,data/fontes-estaduais-curadas/centro-oeste/DF/DF_DEC_18955_1997_RICMS_2026-04-26.txt,bytes+hash+busca integral de trecho,LIDO_INTEGRAL,b7b321a60e785f7e7f59c7b892b0207da9572d45537376bd154bd0b681e7256d,164,2026-07-13T08:15:46-03:00,
card-source:data/fontes-estaduais-curadas/centro-oeste/DF/DF_DEC_39803_2019_EMPREGADF_2026-04-26.txt,fonte_local_card,data/fontes-estaduais-curadas/centro-oeste/DF/DF_DEC_39803_2019_EMPREGADF_2026-04-26.txt,bytes+hash+busca integral de trecho,LIDO_INTEGRAL,917a53481adaba6b386e28e6a7585bfde7cc69c520a896dd138e15ef1aebcb58,8,2026-07-13T08:15:46-03:00,
card-source:data/fontes-estaduais-curadas/centro-oeste/DF/DF_DEC_45287_2023_ALHO_CREDITO_OUTORGADO_2026-04-26.txt,fonte_local_card,data/fontes-estaduais-curadas/centro-oeste/DF/DF_DEC_45287_2023_ALHO_CREDITO_OUTORGADO_2026-04-26.txt,bytes+hash+busca integral de trecho,LIDO_INTEGRAL,7e8c540fc900e92de01ef9cbe7449e635d677fa8a06c0873b1738e716c065a97,2,2026-07-13T08:15:46-03:00,
card-source:data/fontes-estaduais-curadas/centro-oeste/DF/DF_LC_1068_2026_DEVEDOR_CONTUMAZ_2026-05-23.txt,fonte_local_card,data/fontes-estaduais-curadas/centro-oeste/DF/DF_LC_1068_2026_DEVEDOR_CONTUMAZ_2026-05-23.txt,bytes+hash+busca integral de trecho,LIDO_INTEGRAL,afe2161cd39e49e6c3b2c9161dcdebb1ebf707381acd24ab276539fda88c83d7,0,2026-07-13T08:15:46-03:00,
card-source:data/fontes-estaduais-curadas/centro-oeste/DF/DF_LEI_1254_1996_ICMS_2026-04-26.txt,fonte_local_card,data/fontes-estaduais-curadas/centro-oeste/DF/DF_LEI_1254_1996_ICMS_2026-04-26.txt,bytes+hash+busca integral de trecho,LIDO_INTEGRAL,bc17cde26d4944cf8b760eaa427fb87c42fdaf78762307ee23472143b5be88c3,12,2026-07-13T08:15:46-03:00,
card-source:data/fontes-estaduais-curadas/centro-oeste/DF/DF_LEI_3266_2003_PRODF_II_COMPLEMENTAR_2026-04-26.txt,fonte_local_card,data/fontes-estaduais-curadas/centro-oeste/DF/DF_LEI_3266_2003_PRODF_II_COMPLEMENTAR_2026-04-26.txt,bytes+hash+busca integral de trecho,LIDO_INTEGRAL,77216e01d1a05e4eaab2f3d6b1bc0cb6d9448d0a5ed4c3456cb89302058d7f79,0,2026-07-13T08:15:46-03:00,
card-source:data/fontes-estaduais-curadas/centro-oeste/DF/DF_LEI_5005_2012_REGIME_APURACAO_2026-04-26.txt,fonte_local_card,data/fontes-estaduais-curadas/centro-oeste/DF/DF_LEI_5005_2012_REGIME_APURACAO_2026-04-26.txt,bytes+hash+busca integral de trecho,LIDO_INTEGRAL,ec21c94dae3e4a88832736391edc9fd44bdee89af45cc604644407a39f336d9c,0,2026-07-13T08:15:46-03:00,
card-source:data/fontes-estaduais-curadas/centro-oeste/DF/DF_LEI_6225_2018_BENEFICIOS_LC160_2026-04-26.txt,fonte_local_card,data/fontes-estaduais-curadas/centro-oeste/DF/DF_LEI_6225_2018_BENEFICIOS_LC160_2026-04-26.txt,bytes+hash+busca integral de trecho,LIDO_INTEGRAL,944872c3572a4c1cfc35665d4391a11ba0a33df5b3d88bbdf8978536b75b0966,1,2026-07-13T08:15:46-03:00,
card-source:data/fontes-estaduais-curadas/centro-oeste/MS/MS_DEC_14644_2016_CADASTRO_FISCAL_2026-04-26.txt,fonte_local_card,data/fontes-estaduais-curadas/centro-oeste/MS/MS_DEC_14644_2016_CADASTRO_FISCAL_2026-04-26.txt,bytes+hash+busca integral de trecho,LIDO_INTEGRAL,57a1422fcf8e436bb190d50aa8782aaf323e028eb3e0dc9ad393175913c09e0b,3,2026-07-13T08:15:46-03:00,
card-source:data/fontes-estaduais-curadas/centro-oeste/MS/MS_DEC_9203_1998_APROVACAO_RICMS_2026-04-26.txt,fonte_local_card,data/fontes-estaduais-curadas/centro-oeste/MS/MS_DEC_9203_1998_APROVACAO_RICMS_2026-04-26.txt,bytes+hash+busca integral de trecho,LIDO_INTEGRAL,aede6a997eb528150b6efd1d7f25d245986e77c19303950d794f0dee6c25a1b1,0,2026-07-13T08:15:46-03:00,
card-source:data/fontes-estaduais-curadas/centro-oeste/MS/MS_DEC_9203_1998_RICMS_GERAL_2026-04-26.txt,fonte_local_card,data/fontes-estaduais-curadas/centro-oeste/MS/MS_DEC_9203_1998_RICMS_GERAL_2026-04-26.txt,bytes+hash+busca integral de trecho,LIDO_INTEGRAL,7191177030e5c50c28372c3d67ff9f908a93895358452234160c8b9ab150a472,21,2026-07-13T08:15:46-03:00,
card-source:data/fontes-estaduais-curadas/centro-oeste/MS/MS_LC_93_2001_MS_EMPREENDEDOR_2026-04-26.txt,fonte_local_card,data/fontes-estaduais-curadas/centro-oeste/MS/MS_LC_93_2001_MS_EMPREENDEDOR_2026-04-26.txt,bytes+hash+busca integral de trecho,LIDO_INTEGRAL,fdcabe73498b2442227e7f3650c31ef500cc7479075b2e2a19e59709b4f7350f,5,2026-07-13T08:15:46-03:00,
card-source:data/fontes-estaduais-curadas/centro-oeste/MS/MS_LEI_1810_1997_ICMS_2026-04-26.txt,fonte_local_card,data/fontes-estaduais-curadas/centro-oeste/MS/MS_LEI_1810_1997_ICMS_2026-04-26.txt,bytes+hash+busca integral de trecho,LIDO_INTEGRAL,732588f00f20de317c015010eec6afdb08229aabcd57b63f6d1b0ce7569666c1,31,2026-07-13T08:15:46-03:00,
card-source:data/fontes-estaduais-curadas/centro-oeste/MS/MS_LEI_1963_1999_FUNDERSUL_2026-04-26.txt,fonte_local_card,data/fontes-estaduais-curadas/centro-oeste/MS/MS_LEI_1963_1999_FUNDERSUL_2026-04-26.txt,bytes+hash+busca integral de trecho,LIDO_INTEGRAL,d6afd0b97e9f037b7b393ef57a6867a051dd4cfcc73be0cc20a08a3bf61495d5,9,2026-07-13T08:15:46-03:00,
card-source:data/fontes-estaduais-curadas/centro-oeste/MS/MS_LEI_6495_2025_REFIS_ICMS_2026-04-26.txt,fonte_local_card,data/fontes-estaduais-curadas/centro-oeste/MS/MS_LEI_6495_2025_REFIS_ICMS_2026-04-26.txt,bytes+hash+busca integral de trecho,LIDO_INTEGRAL,825c58e8d9be0aaafbe5bf0a86f4b014fcb5553903ef55db70b89d96e0a1b57d,0,2026-07-13T08:15:46-03:00,
card-source:data/fontes-estaduais-curadas/centro-oeste/MS/MS_PORT_3759_2025_VALOR_REAL_PESQUISADO_2026-04-26.txt,fonte_local_card,data/fontes-estaduais-curadas/centro-oeste/MS/MS_PORT_3759_2025_VALOR_REAL_PESQUISADO_2026-04-26.txt,bytes+hash+busca integral de trecho,LIDO_INTEGRAL,763ebf111d2c849549101dd2b7d4e5a31e12fefc5d6b5557e0a9b293694df794,1,2026-07-13T08:15:46-03:00,
card-source:data/fontes-estaduais-curadas/centro-oeste/MS/MS_PORT_3760_2026_VALOR_REAL_PESQUISADO_2026-04-26.txt,fonte_local_card,data/fontes-estaduais-curadas/centro-oeste/MS/MS_PORT_3760_2026_VALOR_REAL_PESQUISADO_2026-04-26.txt,bytes+hash+busca integral de trecho,LIDO_INTEGRAL,ddbeb84a502d01417c27ff5e607fbf8b906887f6a22e14e84517714c48fb2338,1,2026-07-13T08:15:46-03:00,
card-source:data/fontes-estaduais-curadas/centro-oeste/MS/MS_PORT_3761_2026_VALOR_REAL_PESQUISADO_2026-04-26.txt,fonte_local_card,data/fontes-estaduais-curadas/centro-oeste/MS/MS_PORT_3761_2026_VALOR_REAL_PESQUISADO_2026-04-26.txt,bytes+hash+busca integral de trecho,LIDO_INTEGRAL,507becfd3524a3074994210ebcbeebf2a8112905cfd7e8e5e901607e79fae1a1,0,2026-07-13T08:15:46-03:00,
card-source:data/fontes-estaduais-curadas/centro-oeste/MS/MS_RICMS_ANEXO_001_BENEFICIOS_2026-04-26.txt,fonte_local_card,data/fontes-estaduais-curadas/centro-oeste/MS/MS_RICMS_ANEXO_001_BENEFICIOS_2026-04-26.txt,bytes+hash+busca integral de trecho,LIDO_INTEGRAL,c1f5ec20146f9555e2a7a210074893aea5268888f14b884b92138157a260bb9b,59,2026-07-13T08:15:46-03:00,
card-source:data/fontes-estaduais-curadas/centro-oeste/MS/MS_RICMS_ANEXO_002_DIFERIMENTO_2026-04-26.txt,fonte_local_card,data/fontes-estaduais-curadas/centro-oeste/MS/MS_RICMS_ANEXO_002_DIFERIMENTO_2026-04-26.txt,bytes+hash+busca integral de trecho,LIDO_INTEGRAL,058ef0646f98ca9a2b927c5dff1eb67a5cfb3c043ea554df3b43a178a35b9bca,14,2026-07-13T08:15:46-03:00,
card-source:data/fontes-estaduais-curadas/centro-oeste/MS/MS_RICMS_ANEXO_003_ST_2026-04-26.txt,fonte_local_card,data/fontes-estaduais-curadas/centro-oeste/MS/MS_RICMS_ANEXO_003_ST_2026-04-26.txt,bytes+hash+busca integral de trecho,LIDO_INTEGRAL,cb3cad7867ed70d64ab6cbb10cf5422e175b134ff59a276b48bc4bbf443594c3,24,2026-07-13T08:15:46-03:00,
card-source:data/fontes-estaduais-curadas/centro-oeste/MS/MS_RICMS_ANEXO_004_CADASTRO_2026-04-26.txt,fonte_local_card,data/fontes-estaduais-curadas/centro-oeste/MS/MS_RICMS_ANEXO_004_CADASTRO_2026-04-26.txt,bytes+hash+busca integral de trecho,LIDO_INTEGRAL,78047b6a23bcec67a83a30dd9bd02d55e84f2b372ce957e0d9b97d2c6f11e856,3,2026-07-13T08:15:46-03:00,
card-source:data/fontes-estaduais-curadas/centro-oeste/MS/MS_RICMS_ANEXO_005_REGIMES_ESPECIAIS_2026-04-26.txt,fonte_local_card,data/fontes-estaduais-curadas/centro-oeste/MS/MS_RICMS_ANEXO_005_REGIMES_ESPECIAIS_2026-04-26.txt,bytes+hash+busca integral de trecho,LIDO_INTEGRAL,63e5b4833be17188bd9ba4bcb5ef546ab85ef0a447f8e98c22ff8459c3f23604,7,2026-07-13T08:15:46-03:00,
card-source:data/fontes-estaduais-curadas/centro-oeste/MS/MS_RICMS_ANEXO_006_CREDITOS_PRESUMIDOS_PRODUTOR_2026-04-26.txt,fonte_local_card,data/fontes-estaduais-curadas/centro-oeste/MS/MS_RICMS_ANEXO_006_CREDITOS_PRESUMIDOS_PRODUTOR_2026-04-26.txt,bytes+hash+busca integral de trecho,LIDO_INTEGRAL,a65638696f9764270c42926ed7f619e93e09d29c9ddcdf2054b842cc0bea1038,2,2026-07-13T08:15:46-03:00,
card-source:data/fontes-estaduais-curadas/centro-oeste/MS/MS_RICMS_ANEXO_012_FISCALIZACAO_TRANSITO_2026-04-26.txt,fonte_local_card,data/fontes-estaduais-curadas/centro-oeste/MS/MS_RICMS_ANEXO_012_FISCALIZACAO_TRANSITO_2026-04-26.txt,bytes+hash+busca integral de trecho,LIDO_INTEGRAL,b6f273fe96418c4569ae66840c164cb64ebce94e527af3f4829af37efec39e21,1,2026-07-13T08:15:46-03:00,
card-source:data/fontes-estaduais-curadas/centro-oeste/MS/MS_RICMS_ANEXO_015_DOCUMENTOS_FISCAIS_2026-04-26.txt,fonte_local_card,data/fontes-estaduais-curadas/centro-oeste/MS/MS_RICMS_ANEXO_015_DOCUMENTOS_FISCAIS_2026-04-26.txt,bytes+hash+busca integral de trecho,LIDO_INTEGRAL,a7ad59afa11b8929cf667724fea8400e1d4f344b57e8e81c3c6eb13d83d07a43,16,2026-07-13T08:15:46-03:00,
card-source:data/fontes-estaduais-curadas/centro-oeste/MS/MS_RICMS_ANEXO_018_AUTOMACAO_COMERCIAL_2026-04-26.txt,fonte_local_card,data/fontes-estaduais-curadas/centro-oeste/MS/MS_RICMS_ANEXO_018_AUTOMACAO_COMERCIAL_2026-04-26.txt,bytes+hash+busca integral de trecho,LIDO_INTEGRAL,06d22c877d5ae4c7b8d8f757dcd81e9bee0844577e45b165df5cc2697e88d0b0,1,2026-07-13T08:15:46-03:00,
card-source:data/fontes-estaduais-curadas/centro-oeste/MS/MS_RICMS_ANEXO_023_IMPORTADOS_ALIQUOTA_4_2026-04-26.txt,fonte_local_card,data/fontes-estaduais-curadas/centro-oeste/MS/MS_RICMS_ANEXO_023_IMPORTADOS_ALIQUOTA_4_2026-04-26.txt,bytes+hash+busca integral de trecho,LIDO_INTEGRAL,0a0da2c5910a5f45fd8b23c7efde569ae20cdc1fd092aea01ed7072aad5b1e34,1,2026-07-13T08:15:46-03:00,
card-source:data/fontes-estaduais-curadas/centro-oeste/MS/MS_RICMS_ANEXO_024_CONSUMIDOR_FINAL_2026-04-26.txt,fonte_local_card,data/fontes-estaduais-curadas/centro-oeste/MS/MS_RICMS_ANEXO_024_CONSUMIDOR_FINAL_2026-04-26.txt,bytes+hash+busca integral de trecho,LIDO_INTEGRAL,aae221c07cfe1de6f2eae27b7bc4a6beed4d9ffb07f28585394730736b8fec0a,1,2026-07-13T08:15:46-03:00,
card-source:data/fontes-estaduais-curadas/centro-oeste/MS/MS_RICMS_ANEXO_025_TRANSFERENCIAS_2026-04-26.txt,fonte_local_card,data/fontes-estaduais-curadas/centro-oeste/MS/MS_RICMS_ANEXO_025_TRANSFERENCIAS_2026-04-26.txt,bytes+hash+busca integral de trecho,LIDO_INTEGRAL,215186294ecc5ca4a32082bd48183d93b2e83d44af518564c8f026c890764953,4,2026-07-13T08:15:46-03:00,
card-source:data/fontes-estaduais-curadas/centro-oeste/MT/MT_LC_631_2019_BENEFICIOS_LC160_2026-04-26.txt,fonte_local_card,data/fontes-estaduais-curadas/centro-oeste/MT/MT_LC_631_2019_BENEFICIOS_LC160_2026-04-26.txt,bytes+hash+busca integral de trecho,LIDO_INTEGRAL,4475beb1a66882d8c8abf268fc071dc721242a49e75164e7b6025b6a76135203,25,2026-07-13T08:15:46-03:00,
card-source:data/fontes-estaduais-curadas/centro-oeste/MT/MT_LEI_7098_1998_ICMS_2026-04-26.txt,fonte_local_card,data/fontes-estaduais-curadas/centro-oeste/MT/MT_LEI_7098_1998_ICMS_2026-04-26.txt,bytes+hash+busca integral de trecho,LIDO_INTEGRAL,24015bb131f08275d5735291ba04eeae8fa11a9e61552a88e41340a877100d03,10,2026-07-13T08:15:46-03:00,
card-source:data/fontes-estaduais-curadas/centro-oeste/MT/MT_PORT_211_2024_CBENEF_2026-04-26.txt,fonte_local_card,data/fontes-estaduais-curadas/centro-oeste/MT/MT_PORT_211_2024_CBENEF_2026-04-26.txt,bytes+hash+busca integral de trecho,LIDO_INTEGRAL,689e5c78261a4d243ab674969f6043a9f8e0134e8d1576a6d9ce464151381fb2,534,2026-07-13T08:15:46-03:00,
card-source:data/fontes-estaduais-curadas/centro-oeste/MT/RICMS_MT_2014_fonte_oficial_2026-04-26.txt,fonte_local_card,data/fontes-estaduais-curadas/centro-oeste/MT/RICMS_MT_2014_fonte_oficial_2026-04-26.txt,bytes+hash+busca integral de trecho,LIDO_INTEGRAL,0ebfc0de09bde5359b5cfbd3b4e9a6a2779919c5ff964e384fe7cd6fa3c3d558,614,2026-07-13T08:15:46-03:00,
card-source:data/fontes-estaduais-curadas/nordeste/BA/BA_DEC_11015_2008_PRONAVAL_2026-04-26.txt,fonte_local_card,data/fontes-estaduais-curadas/nordeste/BA/BA_DEC_11015_2008_PRONAVAL_2026-04-26.txt,bytes+hash+busca integral de trecho,LIDO_INTEGRAL,64748166c991a9fd461d67eec6f3523916426707e1cc3f9a7f9ce168c92e9312,1,2026-07-13T08:15:46-03:00,
card-source:data/fontes-estaduais-curadas/nordeste/BA/BA_DEC_13780_2012_RICMS_2026-04-26.txt,fonte_local_card,data/fontes-estaduais-curadas/nordeste/BA/BA_DEC_13780_2012_RICMS_2026-04-26.txt,bytes+hash+busca integral de trecho,LIDO_INTEGRAL,8c698d80f84fb76e0e7d5f8096659b3265ef40e035028e1846e442753968cc7c,100,2026-07-13T08:15:46-03:00,
card-source:data/fontes-estaduais-curadas/nordeste/BA/BA_DEC_18270_2018_BENEFICIOS_LC160_2026-04-26.txt,fonte_local_card,data/fontes-estaduais-curadas/nordeste/BA/BA_DEC_18270_2018_BENEFICIOS_LC160_2026-04-26.txt,bytes+hash+busca integral de trecho,LIDO_INTEGRAL,77afd16d2e687c52892bab0d6a22fbcb6874ebf7cb96bb9ac67658df9adb07cf,63,2026-07-13T08:15:46-03:00,
card-source:data/fontes-estaduais-curadas/nordeste/BA/BA_DEC_18288_2018_BENEFICIOS_LC160_2026-04-26.txt,fonte_local_card,data/fontes-estaduais-curadas/nordeste/BA/BA_DEC_18288_2018_BENEFICIOS_LC160_2026-04-26.txt,bytes+hash+busca integral de trecho,LIDO_INTEGRAL,92106577bb330116e084f2dead51db3c99baf424000dd43a6553f938186c5bdd,40,2026-07-13T08:15:46-03:00,
card-source:data/fontes-estaduais-curadas/nordeste/BA/BA_DEC_18802_2018_PROIND_2026-04-26.txt,fonte_local_card,data/fontes-estaduais-curadas/nordeste/BA/BA_DEC_18802_2018_PROIND_2026-04-26.txt,bytes+hash+busca integral de trecho,LIDO_INTEGRAL,08d056b7a8b94c850dcfa38244770232c1255067692e0de8b6c78f2b0b489ded,8,2026-07-13T08:15:46-03:00,
card-source:data/fontes-estaduais-curadas/nordeste/BA/BA_DEC_4316_1995_INFORMATICA_ELETRONICA_2026-04-26.txt,fonte_local_card,data/fontes-estaduais-curadas/nordeste/BA/BA_DEC_4316_1995_INFORMATICA_ELETRONICA_2026-04-26.txt,bytes+hash+busca integral de trecho,LIDO_INTEGRAL,8eca538786213f93a444ea2279b3c1a22d91ca0681f31cce3256c4be8043bda2,8,2026-07-13T08:15:46-03:00,
card-source:data/fontes-estaduais-curadas/nordeste/BA/BA_DEC_6734_1997_CREDITO_PRESUMIDO_2026-04-26.txt,fonte_local_card,data/fontes-estaduais-curadas/nordeste/BA/BA_DEC_6734_1997_CREDITO_PRESUMIDO_2026-04-26.txt,bytes+hash+busca integral de trecho,LIDO_INTEGRAL,e1cdedd0195b4fc4b0020911e8b203c8858bd9857e89e25182013461cd2343fb,31,2026-07-13T08:15:46-03:00,
card-source:data/fontes-estaduais-curadas/nordeste/BA/BA_DEC_8205_2002_DESENVOLVE_2026-04-26.txt,fonte_local_card,data/fontes-estaduais-curadas/nordeste/BA/BA_DEC_8205_2002_DESENVOLVE_2026-04-26.txt,bytes+hash+busca integral de trecho,LIDO_INTEGRAL,3affbe24172417fc1586ab2a2d55de102e59540bfcc4348f6d4dfc995be37e46,2,2026-07-13T08:15:46-03:00,
card-source:data/fontes-estaduais-curadas/nordeste/BA/BA_LEI_7014_1996_ICMS_2026-04-26.txt,fonte_local_card,data/fontes-estaduais-curadas/nordeste/BA/BA_LEI_7014_1996_ICMS_2026-04-26.txt,bytes+hash+busca integral de trecho,LIDO_INTEGRAL,f65b73f19f30dfc6e32b61315b5e62b5e4bb9cc59f2e7580bcb51c4be7da07a9,44,2026-07-13T08:15:46-03:00,
card-source:data/fontes-estaduais-curadas/nordeste/BA/BA_LEI_7025_1997_CREDITO_PRESUMIDO_2026-04-26.txt,fonte_local_card,data/fontes-estaduais-curadas/nordeste/BA/BA_LEI_7025_1997_CREDITO_PRESUMIDO_2026-04-26.txt,bytes+hash+busca integral de trecho,LIDO_INTEGRAL,680029f3b5cba7dd5d058ae8ff8207f886477d95e686bdb88054621c15cb4fe9,1,2026-07-13T08:15:46-03:00,
card-source:data/fontes-estaduais-curadas/nordeste/BA/BA_LEI_7980_2001_DESENVOLVE_2026-04-26.txt,fonte_local_card,data/fontes-estaduais-curadas/nordeste/BA/BA_LEI_7980_2001_DESENVOLVE_2026-04-26.txt,bytes+hash+busca integral de trecho,LIDO_INTEGRAL,420dfb2bd999f85b2df06803b71d46489e0e86f7c148e15a0d0427a8b2cd2cbc,1,2026-07-13T08:15:46-03:00,
card-source:data/fontes-estaduais-curadas/nordeste/BA/BA_PORT_273_2014_EFD_INCENTIVOS_2026-04-26.txt,fonte_local_card,data/fontes-estaduais-curadas/nordeste/BA/BA_PORT_273_2014_EFD_INCENTIVOS_2026-04-26.txt,bytes+hash+busca integral de trecho,LIDO_INTEGRAL,41394cb5ef6e883fd1839e7ef3b680baedb669d53a7f2d27200e2e738345c2ed,3,2026-07-13T08:15:46-03:00,
card-source:data/fontes-estaduais-curadas/nordeste/BA/BA_RICMS_ANEXO_1_ST_2026-04-26.txt,fonte_local_card,data/fontes-estaduais-curadas/nordeste/BA/BA_RICMS_ANEXO_1_ST_2026-04-26.txt,bytes+hash+busca integral de trecho,LIDO_INTEGRAL,750e53792ac227ae1469fb20f93d2519a2ada90005d6ab321eb882e3ef96b241,3,2026-07-13T08:15:46-03:00,
card-source:data/fontes-estaduais-curadas/nordeste/RN/RN_DEC_27608_2017_FUNDERN_2026-04-26.txt,fonte_local_card,data/fontes-estaduais-curadas/nordeste/RN/RN_DEC_27608_2017_FUNDERN_2026-04-26.txt,bytes+hash+busca integral de trecho,LIDO_INTEGRAL,a68d8c222df789627cfeb636f8e3dad4d3a0063392e10d7c2a403ff12a162388,1,2026-07-13T08:15:46-03:00,
card-source:data/fontes-estaduais-curadas/nordeste/RN/RN_DEC_29420_2019_PROEDI_2026-04-26.txt,fonte_local_card,data/fontes-estaduais-curadas/nordeste/RN/RN_DEC_29420_2019_PROEDI_2026-04-26.txt,bytes+hash+busca integral de trecho,LIDO_INTEGRAL,ec0e9a692f04e74a02457f81a82f30f5a62f30a10e23c7355f96c146cd619195,7,2026-07-13T08:15:46-03:00,
card-source:data/fontes-estaduais-curadas/nordeste/RN/RN_DEC_31825_2022_RICMS_GERAL_2026-04-26.txt,fonte_local_card,data/fontes-estaduais-curadas/nordeste/RN/RN_DEC_31825_2022_RICMS_GERAL_2026-04-26.txt,bytes+hash+busca integral de trecho,LIDO_INTEGRAL,e272444226d5f40e5e4f834a604a18bda988023c4489d0d286c539ad57446c9c,157,2026-07-13T08:15:46-03:00,
card-source:data/fontes-estaduais-curadas/nordeste/RN/RN_LEI_10640_2019_PROEDI_2026-04-26.txt,fonte_local_card,data/fontes-estaduais-curadas/nordeste/RN/RN_LEI_10640_2019_PROEDI_2026-04-26.txt,bytes+hash+busca integral de trecho,LIDO_INTEGRAL,4132739d6f75406fa1d1fc689d3ceac81735c87081363ca8adb4cf27703c4d60,1,2026-07-13T08:15:46-03:00,
card-source:data/fontes-estaduais-curadas/nordeste/RN/RN_LEI_11999_2024_ICMS_LC87_2026-04-26.txt,fonte_local_card,data/fontes-estaduais-curadas/nordeste/RN/RN_LEI_11999_2024_ICMS_LC87_2026-04-26.txt,bytes+hash+busca integral de trecho,LIDO_INTEGRAL,569d5e96e8e22d483f4578f946c745d857f4baad795ba59ccaeba11c31fb331c,1,2026-07-13T08:15:46-03:00,
card-source:data/fontes-estaduais-curadas/nordeste/RN/RN_LEI_12111_2025_TAX_FREE_2026-04-26.txt,fonte_local_card,data/fontes-estaduais-curadas/nordeste/RN/RN_LEI_12111_2025_TAX_FREE_2026-04-26.txt,bytes+hash+busca integral de trecho,LIDO_INTEGRAL,72b581d17fe5fd49d0f8156b7e526d6127b24bda4e5232316390095388275813,1,2026-07-13T08:15:46-03:00,
card-source:data/fontes-estaduais-curadas/nordeste/RN/RN_PORT_022_2018_BENEFICIOS_LC160_2026-04-26.txt,fonte_local_card,data/fontes-estaduais-curadas/nordeste/RN/RN_PORT_022_2018_BENEFICIOS_LC160_2026-04-26.txt,bytes+hash+busca integral de trecho,LIDO_INTEGRAL,511f5f113239a2285e86c9f15b2dba530210716cb109b12d3619a5e4e9480994,9,2026-07-13T08:15:46-03:00,
card-source:data/fontes-estaduais-curadas/nordeste/RN/RN_PORT_970_2025_CBENEF_2026-04-26.txt,fonte_local_card,data/fontes-estaduais-curadas/nordeste/RN/RN_PORT_970_2025_CBENEF_2026-04-26.txt,bytes+hash+busca integral de trecho,LIDO_INTEGRAL,833b607d86ffb28fad39c70b70dd9a729f95d3eff8f88ecabd4d24b3452982a0,10,2026-07-13T08:15:46-03:00,
card-source:data/fontes-estaduais-curadas/nordeste/RN/RN_RICMS_ANEXO_001_ISENCAO_2026-04-26.txt,fonte_local_card,data/fontes-estaduais-curadas/nordeste/RN/RN_RICMS_ANEXO_001_ISENCAO_2026-04-26.txt,bytes+hash+busca integral de trecho,LIDO_INTEGRAL,504a8ed8b88430c35415aa2fb598d8e834d896a321ec8218bda74db0e55cdc1b,148,2026-07-13T08:15:46-03:00,
card-source:data/fontes-estaduais-curadas/nordeste/RN/RN_RICMS_ANEXO_002_DIFERIMENTO_2026-04-26.txt,fonte_local_card,data/fontes-estaduais-curadas/nordeste/RN/RN_RICMS_ANEXO_002_DIFERIMENTO_2026-04-26.txt,bytes+hash+busca integral de trecho,LIDO_INTEGRAL,3f9103acb42f16febb7006663400dd417b927f3a395580b567d6588702dddee0,38,2026-07-13T08:15:46-03:00,
card-source:data/fontes-estaduais-curadas/nordeste/RN/RN_RICMS_ANEXO_003_CREDITO_PRESUMIDO_2026-04-26.txt,fonte_local_card,data/fontes-estaduais-curadas/nordeste/RN/RN_RICMS_ANEXO_003_CREDITO_PRESUMIDO_2026-04-26.txt,bytes+hash+busca integral de trecho,LIDO_INTEGRAL,25ab9d6c8420b3b9cf8f964f7a75cdbbaa8e25494c7946e3dc05aa8855d22d68,16,2026-07-13T08:15:46-03:00,
card-source:data/fontes-estaduais-curadas/nordeste/RN/RN_RICMS_ANEXO_004_REDUCAO_BASE_2026-04-26.txt,fonte_local_card,data/fontes-estaduais-curadas/nordeste/RN/RN_RICMS_ANEXO_004_REDUCAO_BASE_2026-04-26.txt,bytes+hash+busca integral de trecho,LIDO_INTEGRAL,8079fc8237fe2a9d3fe7a97590bb5c6e06164a4a04b6d2116c56f644e31a8a75,31,2026-07-13T08:15:46-03:00,
card-source:data/fontes-estaduais-curadas/nordeste/RN/RN_RICMS_ANEXO_005_ANTECIPACAO_2026-04-26.txt,fonte_local_card,data/fontes-estaduais-curadas/nordeste/RN/RN_RICMS_ANEXO_005_ANTECIPACAO_2026-04-26.txt,bytes+hash+busca integral de trecho,LIDO_INTEGRAL,9836cc0bf575c46766c2b656e35983d43b5d987d5f8eba167680837ca8cbddbd,17,2026-07-13T08:15:46-03:00,
card-source:data/fontes-estaduais-curadas/nordeste/RN/RN_RICMS_ANEXO_007_ST_2026-04-26.txt,fonte_local_card,data/fontes-estaduais-curadas/nordeste/RN/RN_RICMS_ANEXO_007_ST_2026-04-26.txt,bytes+hash+busca integral de trecho,LIDO_INTEGRAL,d40674a5b65548c2c4d2cbaca6a83aad90e55216926238f76278917b3a4af9d4,69,2026-07-13T08:15:46-03:00,
card-source:data/fontes-estaduais-curadas/nordeste/RN/RN_RICMS_ANEXO_008_ST_COMBUSTIVEIS_2026-04-26.txt,fonte_local_card,data/fontes-estaduais-curadas/nordeste/RN/RN_RICMS_ANEXO_008_ST_COMBUSTIVEIS_2026-04-26.txt,bytes+hash+busca integral de trecho,LIDO_INTEGRAL,24bb6154be02e837f6121e071f7a326aa9d940fbfc75fef25fd68c4fb969d5d2,15,2026-07-13T08:15:46-03:00,
card-source:data/fontes-estaduais-curadas/nordeste/RN/RN_RICMS_ANEXO_009_TRIGO_2026-04-26.txt,fonte_local_card,data/fontes-estaduais-curadas/nordeste/RN/RN_RICMS_ANEXO_009_TRIGO_2026-04-26.txt,bytes+hash+busca integral de trecho,LIDO_INTEGRAL,97e3fe008448de65a0464f84e8919b2f8262c3bdeec9853fd2c1b3b90585962b,3,2026-07-13T08:15:46-03:00,
card-source:data/fontes-estaduais-curadas/nordeste/RN/RN_RICMS_ANEXO_010_VEICULOS_2026-04-26.txt,fonte_local_card,data/fontes-estaduais-curadas/nordeste/RN/RN_RICMS_ANEXO_010_VEICULOS_2026-04-26.txt,bytes+hash+busca integral de trecho,LIDO_INTEGRAL,d86503b18f7b364826db416740c8e4258ec970961d9f871efcc9a44586657341,5,2026-07-13T08:15:46-03:00,
card-source:data/fontes-estaduais-curadas/nordeste/RN/RN_RICMS_ANEXO_011_DOCUMENTOS_2026-04-26.txt,fonte_local_card,data/fontes-estaduais-curadas/nordeste/RN/RN_RICMS_ANEXO_011_DOCUMENTOS_2026-04-26.txt,bytes+hash+busca integral de trecho,LIDO_INTEGRAL,7879851fd3ad4bb5d6d74b972022420edb8bdf35199e165dabdfc031836070bb,14,2026-07-13T08:15:46-03:00,
card-source:data/fontes-estaduais-curadas/sudeste/ES/ES_DEC_1090_2002_RICMS_2026-04-26.txt,fonte_local_card,data/fontes-estaduais-curadas/sudeste/ES/ES_DEC_1090_2002_RICMS_2026-04-26.txt,bytes+hash+busca integral de trecho,LIDO_INTEGRAL,0c953cb16ca9f9b326537547b12a378b1a97a37131c41721e64c3fda07b6c107,190,2026-07-13T08:15:46-03:00,
card-source:data/fontes-estaduais-curadas/sudeste/ES/ES_LEI_10550_2016_INVEST_ES_2026-04-26.txt,fonte_local_card,data/fontes-estaduais-curadas/sudeste/ES/ES_LEI_10550_2016_INVEST_ES_2026-04-26.txt,bytes+hash+busca integral de trecho,LIDO_INTEGRAL,e763d73dd8b4cc91059197b2443f0f0a244fcb1b5a1cf7ba81bffed02e05335d,9,2026-07-13T08:15:46-03:00,
card-source:data/fontes-estaduais-curadas/sudeste/ES/ES_LEI_10568_2016_COMPETE_ES_2026-04-26.txt,fonte_local_card,data/fontes-estaduais-curadas/sudeste/ES/ES_LEI_10568_2016_COMPETE_ES_2026-04-26.txt,bytes+hash+busca integral de trecho,LIDO_INTEGRAL,847969ab0edd64f7dfb4e459a98101f1c7693a09cf4d40488a1dc46e2b14bf5f,38,2026-07-13T08:15:46-03:00,
card-source:data/fontes-estaduais-curadas/sudeste/ES/ES_LEI_10574_2016_COMPETE_INVEST_2026-04-26.txt,fonte_local_card,data/fontes-estaduais-curadas/sudeste/ES/ES_LEI_10574_2016_COMPETE_INVEST_2026-04-26.txt,bytes+hash+busca integral de trecho,LIDO_INTEGRAL,4aa9b3c06ec56b474afed91110aa4e8830f55cbfe92e1f668c3928c4db2ecd19,1,2026-07-13T08:15:46-03:00,
card-source:data/fontes-estaduais-curadas/sudeste/ES/ES_LEI_7000_2001_ICMS_2026-04-26.txt,fonte_local_card,data/fontes-estaduais-curadas/sudeste/ES/ES_LEI_7000_2001_ICMS_2026-04-26.txt,bytes+hash+busca integral de trecho,LIDO_INTEGRAL,a9235144d905fef2b1aa2e56ddc1cf0efec9dd39fd42605b056a9e64ab4f5753,7,2026-07-13T08:15:46-03:00,
card-source:data/fontes-estaduais-curadas/sudeste/ES/ES_TABELA_CBENEF_2026_2026-04-26.txt,fonte_local_card,data/fontes-estaduais-curadas/sudeste/ES/ES_TABELA_CBENEF_2026_2026-04-26.txt,bytes+hash+busca integral de trecho,LIDO_INTEGRAL,82db55c98c55817ddc72eefd0d09941a597766ee637437a562480c63375a238c,407,2026-07-13T08:15:46-03:00,
card-source:data/fontes-estaduais-curadas/sudeste/MG/MG_DEC_48589_2023_RICMS_REGULAMENTO_2026-04-26.txt,fonte_local_card,data/fontes-estaduais-curadas/sudeste/MG/MG_DEC_48589_2023_RICMS_REGULAMENTO_2026-04-26.txt,bytes+hash+busca integral de trecho,LIDO_INTEGRAL,73e90f434d0940a5a0ee3bcb566338a14911875201f607f5375cc82f8b01723c,76,2026-07-13T08:15:46-03:00,
card-source:data/fontes-estaduais-curadas/sudeste/MG/MG_LEI_6763_1975_ICMS_2026-04-26.txt,fonte_local_card,data/fontes-estaduais-curadas/sudeste/MG/MG_LEI_6763_1975_ICMS_2026-04-26.txt,bytes+hash+busca integral de trecho,LIDO_INTEGRAL,55f329f180e8c64db380a5373de6b9d78b8f913efcece549ae35ba72e4069ee8,114,2026-07-13T08:15:46-03:00,
card-source:data/fontes-estaduais-curadas/sudeste/MG/MG_RICMS_2023_ANEXO_III_CREDITO_ACUMULADO_2026-04-26.txt,fonte_local_card,data/fontes-estaduais-curadas/sudeste/MG/MG_RICMS_2023_ANEXO_III_CREDITO_ACUMULADO_2026-04-26.txt,bytes+hash+busca integral de trecho,LIDO_INTEGRAL,812c29ddf687221b79fc03ae76df01bef4aa5dc7997211615c79bbec18af43c6,21,2026-07-13T08:15:46-03:00,
card-source:data/fontes-estaduais-curadas/sudeste/MG/MG_RICMS_2023_ANEXO_II_REDUCAO_BASE_2026-04-26.txt,fonte_local_card,data/fontes-estaduais-curadas/sudeste/MG/MG_RICMS_2023_ANEXO_II_REDUCAO_BASE_2026-04-26.txt,bytes+hash+busca integral de trecho,LIDO_INTEGRAL,9f060225bbdd1426e504c98a973073f056ae0b67f9cc7230293ea43efcb21f72,155,2026-07-13T08:15:46-03:00,
card-source:data/fontes-estaduais-curadas/sudeste/MG/MG_RICMS_2023_ANEXO_IV_CREDITO_PRESUMIDO_2026-04-26.txt,fonte_local_card,data/fontes-estaduais-curadas/sudeste/MG/MG_RICMS_2023_ANEXO_IV_CREDITO_PRESUMIDO_2026-04-26.txt,bytes+hash+busca integral de trecho,LIDO_INTEGRAL,d9530cf39222f526822b54dca24d50e0c1d4837783bb3a7e6ce4bef6f681a4a7,105,2026-07-13T08:15:46-03:00,
card-source:data/fontes-estaduais-curadas/sudeste/MG/MG_RICMS_2023_ANEXO_VIII_DISPOSICOES_ESPECIAIS_2026-04-26.txt,fonte_local_card,data/fontes-estaduais-curadas/sudeste/MG/MG_RICMS_2023_ANEXO_VIII_DISPOSICOES_ESPECIAIS_2026-04-26.txt,bytes+hash+busca integral de trecho,LIDO_INTEGRAL,8673fe017a9d12990a6cbc1d51cded9222bd166ddebac5fd96a8054dcfe29b16,165,2026-07-13T08:15:46-03:00,
card-source:data/fontes-estaduais-curadas/sudeste/MG/MG_RICMS_2023_ANEXO_VII_ST_2026-04-26.txt,fonte_local_card,data/fontes-estaduais-curadas/sudeste/MG/MG_RICMS_2023_ANEXO_VII_ST_2026-04-26.txt,bytes+hash+busca integral de trecho,LIDO_INTEGRAL,15b10abaf4e6e8e39373140cd8fe111929398769ef840d2b0450a5011359975b,197,2026-07-13T08:15:46-03:00,
card-source:data/fontes-estaduais-curadas/sudeste/MG/MG_RICMS_2023_ANEXO_VI_DIFERIMENTO_2026-04-26.txt,fonte_local_card,data/fontes-estaduais-curadas/sudeste/MG/MG_RICMS_2023_ANEXO_VI_DIFERIMENTO_2026-04-26.txt,bytes+hash+busca integral de trecho,LIDO_INTEGRAL,61305a97845d5e34233f7e655e40099f01642ab829a7b1ba16b4c8c9068031b8,89,2026-07-13T08:15:46-03:00,
card-source:data/fontes-estaduais-curadas/sudeste/MG/MG_RICMS_2023_ANEXO_V_DOCUMENTOS_EFD_2026-04-26.txt,fonte_local_card,data/fontes-estaduais-curadas/sudeste/MG/MG_RICMS_2023_ANEXO_V_DOCUMENTOS_EFD_2026-04-26.txt,bytes+hash+busca integral de trecho,LIDO_INTEGRAL,12c8243813f29e8a6a9031cd86d0a2e99da041ea7a41e056fec782646d5eb1aa,3,2026-07-13T08:15:46-03:00,
card-source:data/fontes-estaduais-curadas/sudeste/RJ/RJ_DEC_27427_2000_RICMS_LIVRO_III_CREDITO_ACUMULADO_2026-04-26.txt,fonte_local_card,data/fontes-estaduais-curadas/sudeste/RJ/RJ_DEC_27427_2000_RICMS_LIVRO_III_CREDITO_ACUMULADO_2026-04-26.txt,bytes+hash+busca integral de trecho,LIDO_INTEGRAL,411d10da67c9a8a12e241042271fea393458c3517a4163b31bb17646ed262d9d,3,2026-07-13T08:15:46-03:00,
card-source:data/fontes-estaduais-curadas/sudeste/RJ/RJ_DEC_27427_2000_RICMS_LIVRO_II_ST_2026-04-26.txt,fonte_local_card,data/fontes-estaduais-curadas/sudeste/RJ/RJ_DEC_27427_2000_RICMS_LIVRO_II_ST_2026-04-26.txt,bytes+hash+busca integral de trecho,LIDO_INTEGRAL,44e5a386c6f056d8b7dd3c14f283a64eae98242c8484407651c3204a2395302b,20,2026-07-13T08:15:46-03:00,
card-source:data/fontes-estaduais-curadas/sudeste/RJ/RJ_DEC_27427_2000_RICMS_LIVRO_IV_TRANSPORTE_2026-04-26.txt,fonte_local_card,data/fontes-estaduais-curadas/sudeste/RJ/RJ_DEC_27427_2000_RICMS_LIVRO_IV_TRANSPORTE_2026-04-26.txt,bytes+hash+busca integral de trecho,LIDO_INTEGRAL,974ec78c56983e55061e57a4e59875be9ce338f132017466b568bce2729ab5c3,12,2026-07-13T08:15:46-03:00,
card-source:data/fontes-estaduais-curadas/sudeste/RJ/RJ_DEC_27427_2000_RICMS_LIVRO_IX_TRANSPORTE_SERVICOS_2026-04-26.txt,fonte_local_card,data/fontes-estaduais-curadas/sudeste/RJ/RJ_DEC_27427_2000_RICMS_LIVRO_IX_TRANSPORTE_SERVICOS_2026-04-26.txt,bytes+hash+busca integral de trecho,LIDO_INTEGRAL,e814ebdd55618b610b412917a2ffbee124cb4c61468ee00154a6b439aba1a8d8,0,2026-07-13T08:15:46-03:00,
card-source:data/fontes-estaduais-curadas/sudeste/RJ/RJ_DEC_27427_2000_RICMS_LIVRO_I_OBRIGACAO_PRINCIPAL_2026-04-26.txt,fonte_local_card,data/fontes-estaduais-curadas/sudeste/RJ/RJ_DEC_27427_2000_RICMS_LIVRO_I_OBRIGACAO_PRINCIPAL_2026-04-26.txt,bytes+hash+busca integral de trecho,LIDO_INTEGRAL,19852f78dfe4076e4bd42be9c052bbda85537885ec9964e1c94bafb348ea4902,9,2026-07-13T08:15:46-03:00,
card-source:data/fontes-estaduais-curadas/sudeste/RJ/RJ_DEC_27427_2000_RICMS_LIVRO_VI_OBRIGACOES_ACESSORIAS_2026-04-26.txt,fonte_local_card,data/fontes-estaduais-curadas/sudeste/RJ/RJ_DEC_27427_2000_RICMS_LIVRO_VI_OBRIGACOES_ACESSORIAS_2026-04-26.txt,bytes+hash+busca integral de trecho,LIDO_INTEGRAL,8b8f66d0205e8ed06f711bee3d8745580d66f73e029ce4ac88544955ceff352f,9,2026-07-13T08:15:46-03:00,
card-source:data/fontes-estaduais-curadas/sudeste/RJ/RJ_DEC_27427_2000_RICMS_LIVRO_V_DOCUMENTOS_ANTIGOS_2026-04-26.txt,fonte_local_card,data/fontes-estaduais-curadas/sudeste/RJ/RJ_DEC_27427_2000_RICMS_LIVRO_V_DOCUMENTOS_ANTIGOS_2026-04-26.txt,bytes+hash+busca integral de trecho,LIDO_INTEGRAL,a8cd501e34b318702ca094ab21b5721ed534cb09a14e403e49c3f27b09438736,0,2026-07-13T08:15:46-03:00,
card-source:data/fontes-estaduais-curadas/sudeste/RJ/RJ_DEC_27427_2000_RICMS_LIVRO_XIII_VEICULOS_2026-04-26.txt,fonte_local_card,data/fontes-estaduais-curadas/sudeste/RJ/RJ_DEC_27427_2000_RICMS_LIVRO_XIII_VEICULOS_2026-04-26.txt,bytes+hash+busca integral de trecho,LIDO_INTEGRAL,c90294012d80d67a0107914043a8188be4b1049f162ffcc933498684c4b4aee3,1,2026-07-13T08:15:46-03:00,
card-source:data/fontes-estaduais-curadas/sudeste/RJ/RJ_DEC_27427_2000_RICMS_LIVRO_XII_COMBUSTIVEIS_2026-04-26.txt,fonte_local_card,data/fontes-estaduais-curadas/sudeste/RJ/RJ_DEC_27427_2000_RICMS_LIVRO_XII_COMBUSTIVEIS_2026-04-26.txt,bytes+hash+busca integral de trecho,LIDO_INTEGRAL,1be790c3e490a6720149f0a4117a5d9798cb65c6213e397640594421bbadfbb5,1,2026-07-13T08:15:46-03:00,
card-source:data/fontes-estaduais-curadas/sudeste/RJ/RJ_DEC_27427_2000_RICMS_LIVRO_XI_IMPORTACAO_2026-04-26.txt,fonte_local_card,data/fontes-estaduais-curadas/sudeste/RJ/RJ_DEC_27427_2000_RICMS_LIVRO_XI_IMPORTACAO_2026-04-26.txt,bytes+hash+busca integral de trecho,LIDO_INTEGRAL,9e38314c3d8fc44f4a51d1d730088b48f372d73e0f67299fc767fd45cc95fee5,2,2026-07-13T08:15:46-03:00,
card-source:data/fontes-estaduais-curadas/sudeste/RJ/RJ_DEC_27427_2000_RICMS_LIVRO_X_REGIMES_ESPECIAIS_2026-04-26.txt,fonte_local_card,data/fontes-estaduais-curadas/sudeste/RJ/RJ_DEC_27427_2000_RICMS_LIVRO_X_REGIMES_ESPECIAIS_2026-04-26.txt,bytes+hash+busca integral de trecho,LIDO_INTEGRAL,3671fc8ffccb677406aa269505cfeda139181b20c904f1444e9178a40ff54c4d,0,2026-07-13T08:15:46-03:00,
card-source:data/fontes-estaduais-curadas/sudeste/RJ/RJ_LEI_2657_1996_ICMS_2026-04-26.txt,fonte_local_card,data/fontes-estaduais-curadas/sudeste/RJ/RJ_LEI_2657_1996_ICMS_2026-04-26.txt,bytes+hash+busca integral de trecho,LIDO_INTEGRAL,04d3ba70a4f9803e6c01cb2da88c29de5dc8a491ebd86c826aadd2daca13db07,23,2026-07-13T08:15:46-03:00,
card-source:data/fontes-estaduais-curadas/sudeste/RJ/RJ_LEI_4531_2005_SETORIAL_INDUSTRIA_2026-04-26.txt,fonte_local_card,data/fontes-estaduais-curadas/sudeste/RJ/RJ_LEI_4531_2005_SETORIAL_INDUSTRIA_2026-04-26.txt,bytes+hash+busca integral de trecho,LIDO_INTEGRAL,4dc9dab405e06b6859f2f4a81c0318c01021cdd52d97e3a36982941f5f519904,2,2026-07-13T08:15:46-03:00,
card-source:data/fontes-estaduais-curadas/sudeste/RJ/RJ_LEI_8890_2020_REPETRO_2026-04-26.txt,fonte_local_card,data/fontes-estaduais-curadas/sudeste/RJ/RJ_LEI_8890_2020_REPETRO_2026-04-26.txt,bytes+hash+busca integral de trecho,LIDO_INTEGRAL,88786c523cdabd54dd5e36238d120343b09003d727b42686bc4e382049d5d80c,3,2026-07-13T08:15:46-03:00,
card-source:data/fontes-estaduais-curadas/sudeste/RJ/RJ_MANUAL_DOCUMENTOS_BENEFICIOS_2025_2026-04-26.txt,fonte_local_card,data/fontes-estaduais-curadas/sudeste/RJ/RJ_MANUAL_DOCUMENTOS_BENEFICIOS_2025_2026-04-26.txt,bytes+hash+busca integral de trecho,LIDO_INTEGRAL,ac7ba11d7ae962b2233faf23199824d9616bdc3aa9498d1f1176e5aff7dc77c8,92,2026-07-13T08:15:46-03:00,
card-source:data/fontes-estaduais-curadas/sudeste/RJ/RJ_PORTAL_TRANSPARENCIA_BENEFICIOS_2026_2026-04-26.txt,fonte_local_card,data/fontes-estaduais-curadas/sudeste/RJ/RJ_PORTAL_TRANSPARENCIA_BENEFICIOS_2026_2026-04-26.txt,bytes+hash+busca integral de trecho,LIDO_INTEGRAL,e90b6950288c5c34efd3620db5cbb923addf68d2d59b47c1e9e3aa2c2c1383b1,2,2026-07-13T08:15:46-03:00,
card-source:data/fontes-estaduais-curadas/sudeste/RJ/RJ_RES_SEFAZ_604_2024_EFD_BENEFICIOS_2026-04-26.txt,fonte_local_card,data/fontes-estaduais-curadas/sudeste/RJ/RJ_RES_SEFAZ_604_2024_EFD_BENEFICIOS_2026-04-26.txt,bytes+hash+busca integral de trecho,LIDO_INTEGRAL,ea022b7173b412f56875d6a4162c2d9b46448374341a5240cd2018ade09f470d,0,2026-07-13T08:15:46-03:00,
card-source:data/fontes-estaduais-curadas/sudeste/RJ/RJ_RES_SEFAZ_668_2024_SELF_STORAGE_2026-04-26.txt,fonte_local_card,data/fontes-estaduais-curadas/sudeste/RJ/RJ_RES_SEFAZ_668_2024_SELF_STORAGE_2026-04-26.txt,bytes+hash+busca integral de trecho,LIDO_INTEGRAL,7503d6449ea783b04c0aac34945f2b6cacc26d5bf413276e3017bce9eadec4af,2,2026-07-13T08:15:46-03:00,
card-source:data/fontes-estaduais-curadas/sudeste/RJ/RJ_TABELA_CODIGO_BENEFICIO_CST_2026_2026-04-26.txt,fonte_local_card,data/fontes-estaduais-curadas/sudeste/RJ/RJ_TABELA_CODIGO_BENEFICIO_CST_2026_2026-04-26.txt,bytes+hash+busca integral de trecho,LIDO_INTEGRAL,e67fb0f6eea2d89d5a8193d3833eb23e1834603e3acac05097311ec0c857dcad,1392,2026-07-13T08:15:46-03:00,
card-source:data/fontes-estaduais-curadas/sudeste/SP/SP_LEI_6374_1989_ICMS_2026-04-26.txt,fonte_local_card,data/fontes-estaduais-curadas/sudeste/SP/SP_LEI_6374_1989_ICMS_2026-04-26.txt,bytes+hash+busca integral de trecho,LIDO_INTEGRAL,25e0d897dc46228c0fb65a7312e16be7a35e31174786d520fdcafc86f0f09a8b,25,2026-07-13T08:15:46-03:00,
card-source:data/fontes-estaduais-curadas/sudeste/SP/SP_PORTAL_CBENEF_NFE_2026-04-26.txt,fonte_local_card,data/fontes-estaduais-curadas/sudeste/SP/SP_PORTAL_CBENEF_NFE_2026-04-26.txt,bytes+hash+busca integral de trecho,LIDO_INTEGRAL,23a0fc8b160e24b13cb93fdb5c3b3dbb90c4f384ef33cb58e7d19b629d03b102,9,2026-07-13T08:15:46-03:00,
card-source:data/fontes-estaduais-curadas/sudeste/SP/SP_PORTARIA_SRE_24_2026_IVA_ST_ELETRONICOS_2026-05-23.txt,fonte_local_card,data/fontes-estaduais-curadas/sudeste/SP/SP_PORTARIA_SRE_24_2026_IVA_ST_ELETRONICOS_2026-05-23.txt,bytes+hash+busca integral de trecho,LIDO_INTEGRAL,7afa992926d2c08b4495e64a5526100dae46da231e134d1ee3926fb7c0b19d01,0,2026-07-13T08:15:46-03:00,
card-source:data/fontes-estaduais-curadas/sudeste/SP/SP_PORTARIA_SRE_70_2025_CBENEF_2026-04-26.txt,fonte_local_card,data/fontes-estaduais-curadas/sudeste/SP/SP_PORTARIA_SRE_70_2025_CBENEF_2026-04-26.txt,bytes+hash+busca integral de trecho,LIDO_INTEGRAL,4a27c74f9812539fa7c20e9d434071f499df33f105f685fdb657d58132db051f,0,2026-07-13T08:15:46-03:00,
card-source:data/fontes-estaduais-curadas/sudeste/SP/SP_RICMS_2000_INTEGRAL_2026-04-26.txt,fonte_local_card,data/fontes-estaduais-curadas/sudeste/SP/SP_RICMS_2000_INTEGRAL_2026-04-26.txt,bytes+hash+busca integral de trecho,LIDO_INTEGRAL,a8cfa0b99ac125d518e17b17f56dc35025d0aa8a53b2aff60ec20c80875f4291,783,2026-07-13T08:15:46-03:00,
card-source:data/fontes-estaduais-curadas/sul/PR/PR_CODIGO_BENEFICIO_FISCAL_2026-04-26.txt,fonte_local_card,data/fontes-estaduais-curadas/sul/PR/PR_CODIGO_BENEFICIO_FISCAL_2026-04-26.txt,bytes+hash+busca integral de trecho,LIDO_INTEGRAL,a36e6608df701f877e475796077a06b57b74368340731396b6c7823ec6082e49,12,2026-07-13T08:15:46-03:00,
card-source:data/fontes-estaduais-curadas/sul/PR/PR_DEC_7721_2024_PARANA_COMPETITIVO_2026-04-26.txt,fonte_local_card,data/fontes-estaduais-curadas/sul/PR/PR_DEC_7721_2024_PARANA_COMPETITIVO_2026-04-26.txt,bytes+hash+busca integral de trecho,LIDO_INTEGRAL,235614f59785f4814bd6ceadbf25fb8abb3dde61f612dfd38094aea9e6ba8654,9,2026-07-13T08:15:46-03:00,
card-source:data/fontes-estaduais-curadas/sul/PR/PR_DEC_7871_2017_RICMS_2026-04-26.txt,fonte_local_card,data/fontes-estaduais-curadas/sul/PR/PR_DEC_7871_2017_RICMS_2026-04-26.txt,bytes+hash+busca integral de trecho,LIDO_INTEGRAL,1f2c7647afb2e8f2a6c28ea3833d7643be2088d44f80c30d0299d638a06cbf6e,724,2026-07-13T08:15:46-03:00,
card-source:data/fontes-estaduais-curadas/sul/PR/PR_LEI_11580_1996_ICMS_2026-04-26.txt,fonte_local_card,data/fontes-estaduais-curadas/sul/PR/PR_LEI_11580_1996_ICMS_2026-04-26.txt,bytes+hash+busca integral de trecho,LIDO_INTEGRAL,e16ced20f80268f723610df3f0b23231f83542d535b4bdc6850af1cba374eff2,51,2026-07-13T08:15:46-03:00,
card-source:data/fontes-estaduais-curadas/sul/PR/PR_NPF_53_2018_CBENEF_2026-04-26.txt,fonte_local_card,data/fontes-estaduais-curadas/sul/PR/PR_NPF_53_2018_CBENEF_2026-04-26.txt,bytes+hash+busca integral de trecho,LIDO_INTEGRAL,a420741b1a620c493ae7bd47a558626a47289463a2a4f9cda4c45a86b12317c6,0,2026-07-13T08:15:46-03:00,
card-source:data/fontes-estaduais-curadas/sul/PR/PR_TABELA_CBENEF_CST_2026-04-26.txt,fonte_local_card,data/fontes-estaduais-curadas/sul/PR/PR_TABELA_CBENEF_CST_2026-04-26.txt,bytes+hash+busca integral de trecho,LIDO_INTEGRAL,945ec5875b51453433105af81fbe7932a0a9af9d7ab2b02da0c3056b23bca31d,1080,2026-07-13T08:15:46-03:00,
card-source:data/fontes-estaduais-curadas/sul/RS/RS_AMPARA_RS_2026-04-26.txt,fonte_local_card,data/fontes-estaduais-curadas/sul/RS/RS_AMPARA_RS_2026-04-26.txt,bytes+hash+busca integral de trecho,LIDO_INTEGRAL,cebaf9f6ce447cad791bb21d0b76304955ba49b7300fdf31472de6765c201e1b,10,2026-07-13T08:15:46-03:00,
card-source:data/fontes-estaduais-curadas/sul/RS/RS_CREDITO_PRESUMIDO_DEMAIS_CASOS_2026-04-26.txt,fonte_local_card,data/fontes-estaduais-curadas/sul/RS/RS_CREDITO_PRESUMIDO_DEMAIS_CASOS_2026-04-26.txt,bytes+hash+busca integral de trecho,LIDO_INTEGRAL,bffdbbfae1414d5edf988eebbe3f415be7c53b116ed1e4e26c7c18f8ca518276,0,2026-07-13T08:15:46-03:00,
card-source:data/fontes-estaduais-curadas/sul/RS/RS_CREDITO_PRESUMIDO_IMPORTACAO_2026-04-26.txt,fonte_local_card,data/fontes-estaduais-curadas/sul/RS/RS_CREDITO_PRESUMIDO_IMPORTACAO_2026-04-26.txt,bytes+hash+busca integral de trecho,LIDO_INTEGRAL,dc076ec623bf30cafeba87bee92cc3bf138ec5ffaf2b31c964f702e8cef0e4d7,5,2026-07-13T08:15:46-03:00,
card-source:data/fontes-estaduais-curadas/sul/RS/RS_DEC_37699_1997_RICMS_2026-04-26.txt,fonte_local_card,data/fontes-estaduais-curadas/sul/RS/RS_DEC_37699_1997_RICMS_2026-04-26.txt,bytes+hash+busca integral de trecho,LIDO_INTEGRAL,b925766ac32e8db1e4444f3e9bfe15abec38238dc1db4c62c30ebf4bc2b9bf83,478,2026-07-13T08:15:46-03:00,
card-source:data/fontes-estaduais-curadas/sul/RS/RS_ICMS_IMPORTACAO_FUNDAMENTOS_2026-04-26.txt,fonte_local_card,data/fontes-estaduais-curadas/sul/RS/RS_ICMS_IMPORTACAO_FUNDAMENTOS_2026-04-26.txt,bytes+hash+busca integral de trecho,LIDO_INTEGRAL,72f795421cdae0d20dd3990b18608560c4a66c84d02a407a60207241f334ffb4,4,2026-07-13T08:15:46-03:00,
card-source:data/fontes-estaduais-curadas/sul/SC/SC_RICMS_2001_REGULAMENTO_2026-04-26.txt,fonte_local_card,data/fontes-estaduais-curadas/sul/SC/SC_RICMS_2001_REGULAMENTO_2026-04-26.txt,bytes+hash+busca integral de trecho,LIDO_INTEGRAL,eb400e4be9b20987917c3551b531d1ffed6809113213c48de0a148bb84fa4635,24,2026-07-13T08:15:46-03:00,
card-source:data/fontes-estaduais-curadas/sul/SC/SC_RICMS_ANEXO_10_CODIGOS_2026-04-26.txt,fonte_local_card,data/fontes-estaduais-curadas/sul/SC/SC_RICMS_ANEXO_10_CODIGOS_2026-04-26.txt,bytes+hash+busca integral de trecho,LIDO_INTEGRAL,17b868281edccb839ea7746dd732ae02be8cabc2794e601b7a0e2ea75de8889c,2,2026-07-13T08:15:46-03:00,
card-source:data/fontes-estaduais-curadas/sul/SC/SC_RICMS_ANEXO_11_NFE_2026-04-26.txt,fonte_local_card,data/fontes-estaduais-curadas/sul/SC/SC_RICMS_ANEXO_11_NFE_2026-04-26.txt,bytes+hash+busca integral de trecho,LIDO_INTEGRAL,5056874f0c9e3309aa76bd10d73cee6799ea9fa080a02e08ecd80504e00a77e1,3,2026-07-13T08:15:46-03:00,
card-source:data/fontes-estaduais-curadas/sul/SC/SC_RICMS_ANEXO_1_2026-04-26.txt,fonte_local_card,data/fontes-estaduais-curadas/sul/SC/SC_RICMS_ANEXO_1_2026-04-26.txt,bytes+hash+busca integral de trecho,LIDO_INTEGRAL,6621c25df3e363685c27305b60cc6b23bceaa9bb04de87b8905b7f0af3754edb,14,2026-07-13T08:15:46-03:00,
card-source:data/fontes-estaduais-curadas/sul/SC/SC_RICMS_ANEXO_2_BENEFICIOS_2026-04-26.txt,fonte_local_card,data/fontes-estaduais-curadas/sul/SC/SC_RICMS_ANEXO_2_BENEFICIOS_2026-04-26.txt,bytes+hash+busca integral de trecho,LIDO_INTEGRAL,247a87513d815d3f9b5ce699571aca30fb12eb32869ff9724076cde813c954af,309,2026-07-13T08:15:46-03:00,
card-source:data/fontes-estaduais-curadas/sul/SC/SC_RICMS_ANEXO_3_ST_2026-04-26.txt,fonte_local_card,data/fontes-estaduais-curadas/sul/SC/SC_RICMS_ANEXO_3_ST_2026-04-26.txt,bytes+hash+busca integral de trecho,LIDO_INTEGRAL,45d8083e33bd6e0fa663748d26eb4ed0e5077cf5ed176573996c72299ce6d68f,125,2026-07-13T08:15:46-03:00,
card-source:data/fontes-estaduais-curadas/sul/SC/SC_RICMS_ANEXO_5_OBRIGACOES_2026-04-26.txt,fonte_local_card,data/fontes-estaduais-curadas/sul/SC/SC_RICMS_ANEXO_5_OBRIGACOES_2026-04-26.txt,bytes+hash+busca integral de trecho,LIDO_INTEGRAL,a69d5279078014cbf8561bcf98fa12a57aed55dfed36de8e585aa850de43278f,23,2026-07-13T08:15:46-03:00,
card-source:data/fontes-estaduais-curadas/sul/SC/SC_RICMS_ANEXO_6_REGIMES_ESPECIAIS_2026-04-26.txt,fonte_local_card,data/fontes-estaduais-curadas/sul/SC/SC_RICMS_ANEXO_6_REGIMES_ESPECIAIS_2026-04-26.txt,bytes+hash+busca integral de trecho,LIDO_INTEGRAL,8b164f3eaa680af90dac9139e9089676017b46be7d6147c6d93502711cc6c2e4,42,2026-07-13T08:15:46-03:00,
card-source:data/legal_sources/federal/IN_RFB_2324_2026_IPI_Suspensao.txt,fonte_local_card,data/legal_sources/federal/IN_RFB_2324_2026_IPI_Suspensao.txt,bytes+hash+busca integral de trecho,LIDO_INTEGRAL,59075a37a16c54b89d2dde36a79b1f15d6bb571c0b7caefb44325d277161b9f1,17,2026-07-13T08:15:46-03:00,
card-source:data/legal_sources/reforma_tributaria/Decreto_12955_2026_Regulamento_CBS.txt,fonte_local_card,data/legal_sources/reforma_tributaria/Decreto_12955_2026_Regulamento_CBS.txt,bytes+hash+busca integral de trecho,LIDO_INTEGRAL,5ca71d99f1e10aa7465fc109f4a8a5600b8311e228b29871b8d22a309ac821cd,27,2026-07-13T08:15:46-03:00,
card-source:data/legal_sources/reforma_tributaria/Resolucao_CGIBS_6_2026_Regulamento_IBS.txt,fonte_local_card,data/legal_sources/reforma_tributaria/Resolucao_CGIBS_6_2026_Regulamento_IBS.txt,bytes+hash+busca integral de trecho,LIDO_INTEGRAL,100d4beedc5a22a8b0f49fbce6b708e0ff9d71a67e0359d36f4237600fa81810,31,2026-07-13T08:15:46-03:00,
card-source:data/legal_sources/reforma_tributaria/Tabela_CST_cClassTrib_IBS_CBS_2026_04_15.txt,fonte_local_card,data/legal_sources/reforma_tributaria/Tabela_CST_cClassTrib_IBS_CBS_2026_04_15.txt,bytes+hash+busca integral de trecho,LIDO_INTEGRAL,1d847b2d1c7f98148de10f62cd1a59128e95a2889593ac6317abd72658d2bfe0,27,2026-07-13T08:15:46-03:00,
card-source:data/legal_sources/reforma_tributaria/Tabela_cCredPres_IBS_CBS_2025_12_12.txt,fonte_local_card,data/legal_sources/reforma_tributaria/Tabela_cCredPres_IBS_CBS_2025_12_12.txt,bytes+hash+busca integral de trecho,LIDO_INTEGRAL,9c32c1d39b7c83f621e88b436d8de83dda11d219074db93b624963c9855f7fb8,13,2026-07-13T08:15:46-03:00,
nonlocal:https://appasp.economia.go.gov.br/legislacao/arquivos/Rcte/Anexos/ANEXO_09_Beneficio_Fiscal.htm,fonte_raiz_nao_local,https://appasp.economia.go.gov.br/legislacao/arquivos/Rcte/Anexos/ANEXO_09_Beneficio_Fiscal.htm,metadados dos cards,NAO_LIDO/BLOQUEADO,,303,2026-07-13T08:15:46-03:00,raiz local ausente; recibo não fabricado
production_root,refetch_anonimo,https://mjrrafael.github.io/rjc-conhecimento/,corpo HTTP integral quando recebido,LIDO_INTEGRAL,f3f84f1276d7dfb911624c02ed8a56891473d60cc41d18481321254611e53368,929,2026-07-13T08:15:46-03:00,quarentena_producao_confirmada
production_crosswalk,refetch_anonimo,https://mjrrafael.github.io/rjc-conhecimento/data/benefits_crosswalk.json,corpo HTTP integral quando recebido,CONFIRMADO_404,07e4f9f163f5653ca81949a694ba17f00d8416bcdb84f13fafbb7f5d154d13e7,607,2026-07-13T08:15:46-03:00,não publicado
production_quarantine,refetch_anonimo,https://mjrrafael.github.io/rjc-conhecimento/data/benefits_quarantine.json,corpo HTTP integral quando recebido,CONFIRMADO_404,07e4f9f163f5653ca81949a694ba17f00d8416bcdb84f13fafbb7f5d154d13e7,607,2026-07-13T08:15:46-03:00,não publicado
production_benefits,refetch_anonimo,https://mjrrafael.github.io/rjc-conhecimento/beneficios/,corpo HTTP integral quando recebido,CONFIRMADO_404,07e4f9f163f5653ca81949a694ba17f00d8416bcdb84f13fafbb7f5d154d13e7,607,2026-07-13T08:15:46-03:00,não publicado
safe_planalto_lc214,refetch_anonimo,https://planalto.gov.br/ccivil_03/leis/lcp/lcp214compilado.htm,corpo HTTP integral quando recebido,FALHA/BLOQUEADO,,0,2026-07-13T08:15:46-03:00,"reset de conexão; fonte localizada via busca oficial, sem recibo direto"
safe_dou_decreto_12955,refetch_anonimo,https://www.in.gov.br/en/web/dou/-/decreto-n-12.955-de-29-de-abril-de-2026-702415229,corpo HTTP integral quando recebido,LIDO_INTEGRAL,f942677ee25cfcd837e9859966a0c4b373e0464bf9aac27fde44f24e7f10d704,1436316,2026-07-13T08:15:46-03:00,ato e ano presentes
safe_rfb_in_2324,refetch_anonimo,https://normas.receita.fazenda.gov.br/sijut2consulta/link.action?antigo=1&idAto=150886,corpo HTTP integral quando recebido,LIDO_INTEGRAL,15b53e8a8ef950fcdfe1339311697261a1bd81c1741518fbf9d65ed71cec86,109525,2026-07-13T08:15:46-03:00,ato e ano presentes
safe_cgibs_res_6,refetch_anonimo,https://www.cgibs.gov.br/upload/arquivos/202604/30084927-res-cgibs-n-6-30-abr-2026-regulamenta-o-ibs.pdf,corpo HTTP integral quando recebido,LIDO_INTEGRAL,9ed7032ef9c25bbee51bdb5e90f60e1ad01a2bf56cb41a28221c3db7f61d419a,2896452,2026-07-13T08:15:46-03:00,hash idêntico ao PDF local
