source_id,jurisdicao,classe,url_inicial,url_final,dominio_oficial_esperado,status_http,sha256_corpo,receipt_id,status_prova,observacao
AC::SEFAZ_LEGISLACAO,AC,SEFAZ_LEGISLACAO,https://www.sefaz.ac.gov.br/legislacao/,https://sefaz.ac.gov.br/2021/?page_id=16558,www.sefaz.ac.gov.br,200,23ecc592bf22b9382d3b554d0448f1a8996e0561b285ccdea256a4b203f51e6d,local-AC_SEFAZ_LEGISLACAO-20260716T171414977860Z,CAPTURA_LOCAL_PENDENTE_DE_LEITURA_E_REFETCH,Fonte institucional candidata; não é prova de regra até leitura do ato.
AC::DOE,AC,DOE,https://diario.ac.gov.br/,https://diario.ac.gov.br/,diario.ac.gov.br,200,83c505fec2a057265856b126a31d2ca6c29f61312dd7fc0b64d106b04ca33604,local-AC_DOE-20260716T171414978863Z,CAPTURA_LOCAL_PENDENTE_DE_LEITURA_E_REFETCH,Fonte institucional candidata; não é prova de regra até leitura do ato.
AC::ASSEMBLEIA_LEGISLATIVA,AC,ASSEMBLEIA_LEGISLATIVA,https://www.al.ac.leg.br/,https://www.al.ac.leg.br/,www.al.ac.leg.br,200,ed930c52e4c2948863e32c9ffbc10fb62b7bc13142e593cb7f258a82bec7a1fb,local-AC_ASSEMBLEIA_LEGISLATIVA-20260716T171414978863Z,CAPTURA_LOCAL_PENDENTE_DE_LEITURA_E_REFETCH,Fonte institucional candidata; não é prova de regra até leitura do ato.
AL::SEFAZ_LEGISLACAO,AL,SEFAZ_LEGISLACAO,https://www.sefaz.al.gov.br/legislacao,https://www.sefaz.al.gov.br/legislacao,www.sefaz.al.gov.br,200,691adfd57889f1c296e1f1c593d7de8acda844a54b1d544f85f9f2f6f9be8eb7,local-AL_SEFAZ_LEGISLACAO-20260716T171414978863Z,CAPTURA_LOCAL_PENDENTE_DE_LEITURA_E_REFETCH,Fonte institucional candidata; não é prova de regra até leitura do ato.
AL::DOE,AL,DOE,https://diario.imprensaoficial.al.gov.br/,https://diario.imprensaoficial.al.gov.br/,diario.imprensaoficial.al.gov.br,200,f60afb26147ceb8db5687399cb555a965fbf54f0c14d878f17c208274a45e812,local-AL_DOE-20260716T171414978863Z,CAPTURA_LOCAL_PENDENTE_DE_LEITURA_E_REFETCH,Fonte institucional candidata; não é prova de regra até leitura do ato.
AL::ASSEMBLEIA_LEGISLATIVA,AL,ASSEMBLEIA_LEGISLATIVA,https://www.al.al.leg.br/,https://www.al.al.leg.br/,www.al.al.leg.br,200,ff0dbffab356d9b31952ce2c2765acadec6aafeb0aaa30ede40a91961e1264c1,local-AL_ASSEMBLEIA_LEGISLATIVA-20260716T171414979860Z,CAPTURA_LOCAL_PENDENTE_DE_LEITURA_E_REFETCH,Fonte institucional candidata; não é prova de regra até leitura do ato.
AM::SEFAZ_LEGISLACAO,AM,SEFAZ_LEGISLACAO,https://online.sefaz.am.gov.br/silt/,https://sistemas.sefaz.am.gov.br/silt/,online.sefaz.am.gov.br,200,9024a3aff0ccd53bd042021f683687c1f4c857b1c56c42cc6fbd9a753b365aaf,local-AM_SEFAZ_LEGISLACAO-20260716T171414979860Z,CAPTURA_LOCAL_PENDENTE_DE_LEITURA_E_REFETCH,Fonte institucional candidata; não é prova de regra até leitura do ato.
AM::DOE,AM,DOE,https://diario.imprensaoficial.am.gov.br/,https://diario.imprensaoficial.am.gov.br/,diario.imprensaoficial.am.gov.br,200,a054aecfc094540a1e809c2898b242a135ba06bddd6b949d10245341dd7cb541,local-AM_DOE-20260716T171415074386Z,CAPTURA_LOCAL_PENDENTE_DE_LEITURA_E_REFETCH,Fonte institucional candidata; não é prova de regra até leitura do ato.
AM::ASSEMBLEIA_LEGISLATIVA,AM,ASSEMBLEIA_LEGISLATIVA,https://www.aleam.gov.br/,https://www.aleam.gov.br/,www.aleam.gov.br,200,fcda2e8ff0fd0bb5e5da1c2539304ca83ae8a418e9e7226c63943a70a3176761,local-AM_ASSEMBLEIA_LEGISLATIVA-20260716T171415122386Z,CAPTURA_LOCAL_PENDENTE_DE_LEITURA_E_REFETCH,Fonte institucional candidata; não é prova de regra até leitura do ato.
AP::SEFAZ_LEGISLACAO,AP,SEFAZ_LEGISLACAO,https://virtual.sefaz.ap.gov.br/portal/,https://virtual.sefaz.ap.gov.br/portal/,virtual.sefaz.ap.gov.br,200,5bc394ecabf79062b52d1474a7fdc61ab46432b850c935f8e1e8f627bd9e3d1a,local-AP_SEFAZ_LEGISLACAO-20260716T171415136386Z,CAPTURA_LOCAL_PENDENTE_DE_LEITURA_E_REFETCH,Fonte institucional candidata; não é prova de regra até leitura do ato.
AP::DOE,AP,DOE,https://diofe.portal.ap.gov.br/,https://diofe.portal.ap.gov.br/,diofe.portal.ap.gov.br,200,0ef669f36023212f2345621d5f2b6500d563c8423a0ec2f516fea890f7fbecf9,local-AP_DOE-20260716T171415173381Z,CAPTURA_LOCAL_PENDENTE_DE_LEITURA_E_REFETCH,Fonte institucional candidata; não é prova de regra até leitura do ato.
AP::ASSEMBLEIA_LEGISLATIVA,AP,ASSEMBLEIA_LEGISLATIVA,https://www.al.ap.gov.br/,https://www.al.ap.gov.br/,www.al.ap.gov.br,200,205075c5d1e5eda30b7f779550cc286b28c6640df305b908078d2ac61044313e,local-AP_ASSEMBLEIA_LEGISLATIVA-20260716T171415194387Z,CAPTURA_LOCAL_PENDENTE_DE_LEITURA_E_REFETCH,Fonte institucional candidata; não é prova de regra até leitura do ato.
BA::SEFAZ_LEGISLACAO,BA,SEFAZ_LEGISLACAO,https://www.sefaz.ba.gov.br/legislacao/,https://www.sefaz.ba.gov.br/legislacao/,www.sefaz.ba.gov.br,200,08007c6df1310a230920c726deefc6bac63424e1f2d8a7ff76a932382de432e1,local-BA_SEFAZ_LEGISLACAO-20260716T171415421906Z,CAPTURA_LOCAL_PENDENTE_DE_LEITURA_E_REFETCH,Fonte institucional candidata; não é prova de regra até leitura do ato.
BA::DOE,BA,DOE,https://dool.egba.ba.gov.br/,https://dool.egba.ba.gov.br/,dool.egba.ba.gov.br,200,7c75ed4b8232b822cf2bc0411901fcedfb1d7cfc0bffa8f8b2347aa21801a829,local-BA_DOE-20260716T171415494421Z,CAPTURA_LOCAL_PENDENTE_DE_LEITURA_E_REFETCH,Fonte institucional candidata; não é prova de regra até leitura do ato.
BA::ASSEMBLEIA_LEGISLATIVA,BA,ASSEMBLEIA_LEGISLATIVA,https://www.al.ba.gov.br/,https://www.al.ba.gov.br/,www.al.ba.gov.br,200,52f5ada89c97d762568ba025e248eb7c6ff35752a84288b36129cc14c000788c,local-BA_ASSEMBLEIA_LEGISLATIVA-20260716T171415603450Z,CAPTURA_LOCAL_PENDENTE_DE_LEITURA_E_REFETCH,Fonte institucional candidata; não é prova de regra até leitura do ato.
CE::SEFAZ_LEGISLACAO,CE,SEFAZ_LEGISLACAO,https://www.sefaz.ce.gov.br/legislacao-tributaria/,https://www.ce.gov.br/sefaz/legislacao-tributaria/,www.sefaz.ce.gov.br,200,41d48bf33b7c063cfbf3f638ee0839887903a3b2425f7e0687f6661d834ba456,local-CE_SEFAZ_LEGISLACAO-20260716T171415771448Z,CAPTURA_LOCAL_PENDENTE_DE_LEITURA_E_REFETCH,Fonte institucional candidata; não é prova de regra até leitura do ato.
CE::DOE,CE,DOE,https://www.ce.gov.br/diario-oficial/,https://www.ce.gov.br/diario-oficial/,www.ce.gov.br,200,ed3c61136430d813c515503cf109f09cb8ff954fc3b7e5fe217a993652adfa48,local-CE_DOE-20260716T171415802458Z,CAPTURA_LOCAL_PENDENTE_DE_LEITURA_E_REFETCH,Fonte institucional candidata; não é prova de regra até leitura do ato.
CE::ASSEMBLEIA_LEGISLATIVA,CE,ASSEMBLEIA_LEGISLATIVA,https://www.al.ce.gov.br/,https://www.al.ce.gov.br/,www.al.ce.gov.br,200,4dff5b3e69aec44c7297b61dc1422fad5823d4cb664508d30775489cc240c307,local-CE_ASSEMBLEIA_LEGISLATIVA-20260716T171416007432Z,CAPTURA_LOCAL_PENDENTE_DE_LEITURA_E_REFETCH,Fonte institucional candidata; não é prova de regra até leitura do ato.
DF::SEFAZ_LEGISLACAO,DF,SEFAZ_LEGISLACAO,https://ww1.receita.fazenda.df.gov.br/legislacao/pesquisa-avancada,https://ww1.receita.fazenda.df.gov.br/legislacao/pesquisa-avancada,ww1.receita.fazenda.df.gov.br,200,cf62ad69a96fa77a7e0260696c86eeaa4d21f7e18c09062ce94475209e399e72,local-DF_SEFAZ_LEGISLACAO-20260716T171416075941Z,CAPTURA_LOCAL_PENDENTE_DE_LEITURA_E_REFETCH,Fonte institucional candidata; não é prova de regra até leitura do ato.
DF::DOE,DF,DOE,https://www.dodf.df.gov.br/,https://www.dodf.df.gov.br/,www.dodf.df.gov.br,202,353f502ef49a164cf0b9164858ba3932a75d133284fdda27711e3a8683b02833,local-DF_DOE-20260716T171416332129Z,CAPTURA_LOCAL_PENDENTE_DE_LEITURA_E_REFETCH,Fonte institucional candidata; não é prova de regra até leitura do ato.
DF::ASSEMBLEIA_LEGISLATIVA,DF,ASSEMBLEIA_LEGISLATIVA,https://www.cl.df.gov.br/leis,https://www.cl.df.gov.br/leis,www.cl.df.gov.br,200,73b91e175abad5540c06df506191e51908378a775c93135e595a7e41ab0038e0,local-DF_ASSEMBLEIA_LEGISLATIVA-20260716T171416415131Z,CAPTURA_LOCAL_PENDENTE_DE_LEITURA_E_REFETCH,Fonte institucional candidata; não é prova de regra até leitura do ato.
ES::SEFAZ_LEGISLACAO,ES,SEFAZ_LEGISLACAO,https://www3.sefaz.es.gov.br/legislacao/,https://www3.sefaz.es.gov.br/legislacao/,www3.sefaz.es.gov.br,200,e90f47c52e40a270003f4bb35d632e8020c71b7ed4ad01407e79d2e7912d5c35,local-ES_SEFAZ_LEGISLACAO-20260716T171416568230Z,CAPTURA_LOCAL_PENDENTE_DE_LEITURA_E_REFETCH,Fonte institucional candidata; não é prova de regra até leitura do ato.
ES::DOE,ES,DOE,https://ioes.dio.es.gov.br/portal/visualizacoes/diario_oficial,https://ioes.dio.es.gov.br/portal/visualizacoes/diario_oficial,ioes.dio.es.gov.br,200,3637946b419cae0d994da8d50cce835d7ba3a8401dc27c2387afccc6be742ed1,local-ES_DOE-20260716T171416589228Z,CAPTURA_LOCAL_PENDENTE_DE_LEITURA_E_REFETCH,Fonte institucional candidata; não é prova de regra até leitura do ato.
ES::ASSEMBLEIA_LEGISLATIVA,ES,ASSEMBLEIA_LEGISLATIVA,https://www3.al.es.gov.br/legislacao/consulta-legislacao.aspx,https://www3.al.es.gov.br/legislacao/consulta-legislacao.aspx,www3.al.es.gov.br,200,23b7283b132d2b18af41c2c3b6f02ece331ce6e287e3926b8860a70a411e89e9,local-ES_ASSEMBLEIA_LEGISLATIVA-20260716T171416697232Z,CAPTURA_LOCAL_PENDENTE_DE_LEITURA_E_REFETCH,Fonte institucional candidata; não é prova de regra até leitura do ato.
GO::SEFAZ_LEGISLACAO,GO,SEFAZ_LEGISLACAO,https://goias.gov.br/economia/legislacao-tributaria/,https://goias.gov.br/economia/legislacao-tributaria/,goias.gov.br,200,af9af645a5e03dcdf8de5fefe8b274ba0cab22d54366c727c0609df40e5cf37a,local-GO_SEFAZ_LEGISLACAO-20260716T171416720229Z,CAPTURA_LOCAL_PENDENTE_DE_LEITURA_E_REFETCH,Fonte institucional candidata; não é prova de regra até leitura do ato.
GO::DOE,GO,DOE,https://www.diariooficial.abc.go.gov.br/,https://www.diariooficial.abc.go.gov.br/,www.diariooficial.abc.go.gov.br,200,e79412ae872ee9e6c2db86e8187055b4399f88287e832180906bbd698fb29240,local-GO_DOE-20260716T171416783233Z,CAPTURA_LOCAL_PENDENTE_DE_LEITURA_E_REFETCH,Fonte institucional candidata; não é prova de regra até leitura do ato.
GO::ASSEMBLEIA_LEGISLATIVA,GO,ASSEMBLEIA_LEGISLATIVA,https://transparencia.al.go.leg.br/legislacoes,https://transparencia.al.go.leg.br/legislacoes,transparencia.al.go.leg.br,200,c9f9949b6e1e3b00ce870bf50572462523b727c768c746f22bfed850278f942a,local-GO_ASSEMBLEIA_LEGISLATIVA-20260716T171416801239Z,CAPTURA_LOCAL_PENDENTE_DE_LEITURA_E_REFETCH,Fonte institucional candidata; não é prova de regra até leitura do ato.
MA::SEFAZ_LEGISLACAO,MA,SEFAZ_LEGISLACAO,https://sistemas1.sefaz.ma.gov.br/portalsefaz/jsp/pagina/pagina.jsf?codigo=95,https://sistemas1.sefaz.ma.gov.br/portalsefaz/jsp/pagina/pagina.jsf?codigo=95,sistemas1.sefaz.ma.gov.br,200,e032ccc9518f5cc13e27142bf956862624f0c6d160f3c851bee21002b2e08ddd,local-MA_SEFAZ_LEGISLACAO-20260716T171416835753Z,CAPTURA_LOCAL_PENDENTE_DE_LEITURA_E_REFETCH,Fonte institucional candidata; não é prova de regra até leitura do ato.
MA::DOE,MA,DOE,https://www.diariooficial.ma.gov.br/,https://www.diariooficial.ma.gov.br/,www.diariooficial.ma.gov.br,200,44cf8304930789c9a8ee564d2f7d840f4b22b2312942041721b2511a28b62345,local-MA_DOE-20260716T171417016361Z,CAPTURA_LOCAL_PENDENTE_DE_LEITURA_E_REFETCH,Fonte institucional candidata; não é prova de regra até leitura do ato.
MA::ASSEMBLEIA_LEGISLATIVA,MA,ASSEMBLEIA_LEGISLATIVA,https://www.al.ma.leg.br/,https://www.al.ma.leg.br/sitealema/,www.al.ma.leg.br,200,9e4dc78394306f79909118683b088fa9294bbe5127173dd7a69c68c42293f59f,local-MA_ASSEMBLEIA_LEGISLATIVA-20260716T171417095890Z,CAPTURA_LOCAL_PENDENTE_DE_LEITURA_E_REFETCH,Fonte institucional candidata; não é prova de regra até leitura do ato.
MG::SEFAZ_LEGISLACAO,MG,SEFAZ_LEGISLACAO,https://www.fazenda.mg.gov.br/empresas/legislacao_tributaria/,https://www.fazenda.mg.gov.br/empresas/legislacao_tributaria/,www.fazenda.mg.gov.br,200,dbcefa941c5d2d9372850081a91a6a8a6ad086c8d3e708be4ed576feb24b6313,local-MG_SEFAZ_LEGISLACAO-20260716T171417115895Z,CAPTURA_LOCAL_PENDENTE_DE_LEITURA_E_REFETCH,Fonte institucional candidata; não é prova de regra até leitura do ato.
MG::DOE,MG,DOE,https://www.jornalminasgerais.mg.gov.br/,https://www.jornalminasgerais.mg.gov.br/,www.jornalminasgerais.mg.gov.br,200,11c26416be582b0506cd71063e4b8e4145f7e6cf63940f690bc575c73f4c5dbe,local-MG_DOE-20260716T171417267889Z,CAPTURA_LOCAL_PENDENTE_DE_LEITURA_E_REFETCH,Fonte institucional candidata; não é prova de regra até leitura do ato.
MG::ASSEMBLEIA_LEGISLATIVA,MG,ASSEMBLEIA_LEGISLATIVA,https://www.almg.gov.br/atividade-parlamentar/leis/legislacao-mineira,https://www.almg.gov.br/atividade-parlamentar/leis/legislacao-mineira,www.almg.gov.br,200,6c6c06ccb9bb2e73fe8ac30b6bd3de43189eb524e783d1921bbfa6272df2e610,local-MG_ASSEMBLEIA_LEGISLATIVA-20260716T171417287890Z,CAPTURA_LOCAL_PENDENTE_DE_LEITURA_E_REFETCH,Fonte institucional candidata; não é prova de regra até leitura do ato.
MS::SEFAZ_LEGISLACAO,MS,SEFAZ_LEGISLACAO,https://www.sefaz.ms.gov.br/legislacao/,https://www.sefaz.ms.gov.br/legislacao/,www.sefaz.ms.gov.br,200,7d2c729281c469c79f561b330023d29e10945044747d049a43cc52c84387e1c6,local-MS_SEFAZ_LEGISLACAO-20260716T171417307904Z,CAPTURA_LOCAL_PENDENTE_DE_LEITURA_E_REFETCH,Fonte institucional candidata; não é prova de regra até leitura do ato.
MS::DOE,MS,DOE,https://www.spdo.ms.gov.br/DiarioDOE/Index/Index/,https://www.spdo.ms.gov.br/DiarioDOE/Index/Index/,www.spdo.ms.gov.br,200,329e9ecbb726cefd83350c71f3fa80e8a95f002461f6f0c1be9571dd1083033a,local-MS_DOE-20260716T171417322128Z,CAPTURA_LOCAL_PENDENTE_DE_LEITURA_E_REFETCH,Fonte institucional candidata; não é prova de regra até leitura do ato.
MS::ASSEMBLEIA_LEGISLATIVA,MS,ASSEMBLEIA_LEGISLATIVA,https://al.ms.gov.br/,https://al.ms.gov.br/,al.ms.gov.br,200,a9a61cba2eeab9562a6e3a512ea6d9974aa7e54388c603ff4d1af9aba4f4d189,local-MS_ASSEMBLEIA_LEGISLATIVA-20260716T171417355130Z,CAPTURA_LOCAL_PENDENTE_DE_LEITURA_E_REFETCH,Fonte institucional candidata; não é prova de regra até leitura do ato.
MT::SEFAZ_LEGISLACAO,MT,SEFAZ_LEGISLACAO,https://app1.sefaz.mt.gov.br/Sistema/legislacao/legislacaotribut.nsf/,https://app1.sefaz.mt.gov.br/Sistema/legislacao/legislacaotribut.nsf/,app1.sefaz.mt.gov.br,200,17fba42b543b20ca8227f3dbfe9896bb0cd1750c7587833643e69f3e6efbf03a,local-MT_SEFAZ_LEGISLACAO-20260716T171417673762Z,CAPTURA_LOCAL_PENDENTE_DE_LEITURA_E_REFETCH,Fonte institucional candidata; não é prova de regra até leitura do ato.
MT::DOE,MT,DOE,https://www.iomat.mt.gov.br/,https://www.iomat.mt.gov.br/,www.iomat.mt.gov.br,200,e3a6eb7a349644138898f7d302ea81401572a30f80043baeb7b9c62200fd24a8,local-MT_DOE-20260716T171417693766Z,CAPTURA_LOCAL_PENDENTE_DE_LEITURA_E_REFETCH,Fonte institucional candidata; não é prova de regra até leitura do ato.
MT::ASSEMBLEIA_LEGISLATIVA,MT,ASSEMBLEIA_LEGISLATIVA,https://diariooficial.al.mt.gov.br/,https://diariooficial.al.mt.gov.br/,diariooficial.al.mt.gov.br,200,5ec12e0b70455895d269de6c91daad9e36254f8667240d815d8f36d5fe55b234,local-MT_ASSEMBLEIA_LEGISLATIVA-20260716T171417758763Z,CAPTURA_LOCAL_PENDENTE_DE_LEITURA_E_REFETCH,Fonte institucional candidata; não é prova de regra até leitura do ato.
PA::SEFAZ_LEGISLACAO,PA,SEFAZ_LEGISLACAO,https://www.sistemas.pa.gov.br/sisleis/legislacao/,https://www.sistemas.pa.gov.br/sisleis/legislacao/,www.sistemas.pa.gov.br,200,ff1a349989c085cbf79ed2b5d5f42aa8dfbad0a9184055d5d4c2306085708e32,local-PA_SEFAZ_LEGISLACAO-20260716T171417825295Z,CAPTURA_LOCAL_PENDENTE_DE_LEITURA_E_REFETCH,Fonte institucional candidata; não é prova de regra até leitura do ato.
PA::DOE,PA,DOE,http://www.ioepa.com.br/pesquisa,http://www.ioepa.com.br/pesquisa,www.ioepa.com.br,200,e18bf992f97ae9562c9384407ecf507507e2a0c3ca67a897a56ccb9fc7428553,local-PA_DOE-20260716T171417940080Z,CAPTURA_LOCAL_PENDENTE_DE_LEITURA_E_REFETCH,Fonte institucional candidata; não é prova de regra até leitura do ato.
PA::ASSEMBLEIA_LEGISLATIVA,PA,ASSEMBLEIA_LEGISLATIVA,https://www.alepa.pa.gov.br/,https://www.alepa.pa.gov.br/,www.alepa.pa.gov.br,200,d2beb83573b73631aa25be106d399e39c6072e41c647b181822e83f2c046e2d6,local-PA_ASSEMBLEIA_LEGISLATIVA-20260716T171417962086Z,CAPTURA_LOCAL_PENDENTE_DE_LEITURA_E_REFETCH,Fonte institucional candidata; não é prova de regra até leitura do ato.
PB::SEFAZ_LEGISLACAO,PB,SEFAZ_LEGISLACAO,https://www.sefaz.pb.gov.br/legislacao,https://www.sefaz.pb.gov.br/legislacao,www.sefaz.pb.gov.br,200,40e1f5f84937885f1846ff170b4b2784568ea4a794de861ff65c65ec6d0287aa,local-PB_SEFAZ_LEGISLACAO-20260716T171418124614Z,CAPTURA_LOCAL_PENDENTE_DE_LEITURA_E_REFETCH,Fonte institucional candidata; não é prova de regra até leitura do ato.
PB::DOE,PB,DOE,https://auniao.pb.gov.br/servicos/doe,https://auniao.pb.gov.br/servicos/doe,auniao.pb.gov.br,200,73caf9639e30280ef67bb0ad0cc6a1d07fbb0d9f787b899c0ed224f99d108440,local-PB_DOE-20260716T171418155609Z,CAPTURA_LOCAL_PENDENTE_DE_LEITURA_E_REFETCH,Fonte institucional candidata; não é prova de regra até leitura do ato.
PB::ASSEMBLEIA_LEGISLATIVA,PB,ASSEMBLEIA_LEGISLATIVA,https://www.al.pb.leg.br/,https://www.al.pb.leg.br/,www.al.pb.leg.br,200,29da560a529aaa14605c6d7a3132ba64beb159df039cf767ba8f6c1481bd0164,local-PB_ASSEMBLEIA_LEGISLATIVA-20260716T171418174608Z,CAPTURA_LOCAL_PENDENTE_DE_LEITURA_E_REFETCH,Fonte institucional candidata; não é prova de regra até leitura do ato.
PE::SEFAZ_LEGISLACAO,PE,SEFAZ_LEGISLACAO,https://www.sefaz.pe.gov.br/Legislacao/,https://www.sefaz.pe.gov.br/Legislacao/Paginas/default.aspx,www.sefaz.pe.gov.br,200,8f2726101548959d8694418c987e41d4e57cce0cc42643aeddbf35fbc502473e,local-PE_SEFAZ_LEGISLACAO-20260716T171418174608Z,CAPTURA_LOCAL_PENDENTE_DE_LEITURA_E_REFETCH,Fonte institucional candidata; não é prova de regra até leitura do ato.
PE::DOE,PE,DOE,https://www.cepe.com.br/diario-oficial,https://www.cepe.com.br/diario-oficial,www.cepe.com.br,200,f9d6bc63d12d1b4c96d934b4fedefb2f1cc04343ee3fdc8f3bb6a8de4a657520,local-PE_DOE-20260716T171418213610Z,CAPTURA_LOCAL_PENDENTE_DE_LEITURA_E_REFETCH,Fonte institucional candidata; não é prova de regra até leitura do ato.
PE::ASSEMBLEIA_LEGISLATIVA,PE,ASSEMBLEIA_LEGISLATIVA,https://www.alepe.pe.gov.br/,https://www.alepe.pe.gov.br/,www.alepe.pe.gov.br,200,ab584f83fd17380be96af0bf52228db714ee55b419a8365cdc1e589154cac3d9,local-PE_ASSEMBLEIA_LEGISLATIVA-20260716T171418597677Z,CAPTURA_LOCAL_PENDENTE_DE_LEITURA_E_REFETCH,Fonte institucional candidata; não é prova de regra até leitura do ato.
PI::SEFAZ_LEGISLACAO,PI,SEFAZ_LEGISLACAO,https://portal.sefaz.pi.gov.br/legislacao/,https://portal.sefaz.pi.gov.br/legislacao/,portal.sefaz.pi.gov.br,200,05322bcf58d49675e1cbd27ca3bf263c79ee4b205f553387bcef059655173d86,local-PI_SEFAZ_LEGISLACAO-20260716T171418630673Z,CAPTURA_LOCAL_PENDENTE_DE_LEITURA_E_REFETCH,Fonte institucional candidata; não é prova de regra até leitura do ato.
PI::DOE,PI,DOE,https://www.diario.pi.gov.br/doe/,https://www.diario.pi.gov.br/doe/,www.diario.pi.gov.br,200,0095b782be75c215f5dfa08447e8f802a12506379fa28850b5fe9aff845d4308,local-PI_DOE-20260716T171418853210Z,CAPTURA_LOCAL_PENDENTE_DE_LEITURA_E_REFETCH,Fonte institucional candidata; não é prova de regra até leitura do ato.
PI::ASSEMBLEIA_LEGISLATIVA,PI,ASSEMBLEIA_LEGISLATIVA,https://www.al.pi.leg.br/,https://www.al.pi.leg.br/,www.al.pi.leg.br,200,a5c5f8c2b01ee13a58257e5607ecd6778e56d46081c11e401df4ef2cd358fc50,local-PI_ASSEMBLEIA_LEGISLATIVA-20260716T171418876210Z,CAPTURA_LOCAL_PENDENTE_DE_LEITURA_E_REFETCH,Fonte institucional candidata; não é prova de regra até leitura do ato.
PR::SEFAZ_LEGISLACAO,PR,SEFAZ_LEGISLACAO,https://www.legislacao.pr.gov.br/legislacao/pesquisarAto.do?action=iniciarProcesso,https://www.legislacao.pr.gov.br/legislacao/pesquisarAto.do?action=iniciarProcesso,www.legislacao.pr.gov.br,200,2da453087f69ef48a71475cec6ba97a676b72f056cef8cc082c88d94fc54847b,local-PR_SEFAZ_LEGISLACAO-20260716T171418904235Z,CAPTURA_LOCAL_PENDENTE_DE_LEITURA_E_REFETCH,Fonte institucional candidata; não é prova de regra até leitura do ato.
PR::DOE,PR,DOE,https://dioe.pr.gov.br/portal/pages/display,https://dioe.pr.gov.br/portal/pages/display,dioe.pr.gov.br,200,c04cb8d2a9e815b0d17c99d5f019bc4579684bc725590b5c2a5419b826cb7b1b,local-PR_DOE-20260716T171419233098Z,CAPTURA_LOCAL_PENDENTE_DE_LEITURA_E_REFETCH,Fonte institucional candidata; não é prova de regra até leitura do ato.
PR::ASSEMBLEIA_LEGISLATIVA,PR,ASSEMBLEIA_LEGISLATIVA,https://consultas.assembleia.pr.leg.br/,https://consultas.assembleia.pr.leg.br/,consultas.assembleia.pr.leg.br,200,f52a82a514f787418f40efde8faae0490453022c1e7eab8a93df4863c0ab1c22,local-PR_ASSEMBLEIA_LEGISLATIVA-20260716T171419255103Z,CAPTURA_LOCAL_PENDENTE_DE_LEITURA_E_REFETCH,Fonte institucional candidata; não é prova de regra até leitura do ato.
RJ::SEFAZ_LEGISLACAO,RJ,SEFAZ_LEGISLACAO,https://portal.fazenda.rj.gov.br/icms/,https://portal.fazenda.rj.gov.br/icms/,portal.fazenda.rj.gov.br,200,e3c8c067982dcca7972e7952d0a26df9c108f090a30a42da4cc834c40100b852,local-RJ_SEFAZ_LEGISLACAO-20260716T171419295102Z,CAPTURA_LOCAL_PENDENTE_DE_LEITURA_E_REFETCH,Fonte institucional candidata; não é prova de regra até leitura do ato.
RJ::DOE,RJ,DOE,https://www.ioerj.com.br/,,www.ioerj.com.br,,,local-RJ_DOE-20260716T171419458647Z,CAPTURA_FALHOU_ERRO_DE_REDE,Fonte institucional candidata; não é prova de regra até leitura do ato.
RJ::ASSEMBLEIA_LEGISLATIVA,RJ,ASSEMBLEIA_LEGISLATIVA,https://www3.alerj.rj.gov.br/lotus_notes/default.asp?id=144,https://www3.alerj.rj.gov.br/lotus_notes/default.asp?id=144,www3.alerj.rj.gov.br,200,1c2af620af5866b66ff8b8eaf94adab6d2c689baf3cebd0d8327b4e1b0eb0db3,local-RJ_ASSEMBLEIA_LEGISLATIVA-20260716T171419608683Z,CAPTURA_LOCAL_PENDENTE_DE_LEITURA_E_REFETCH,Fonte institucional candidata; não é prova de regra até leitura do ato.
RN::SEFAZ_LEGISLACAO,RN,SEFAZ_LEGISLACAO,https://www.set.rn.gov.br/contentProducao/aplicacao/set_v2/legislacao/legislacao.asp,,www.set.rn.gov.br,,,local-RN_SEFAZ_LEGISLACAO-20260716T171419644683Z,CAPTURA_FALHOU_ERRO_DE_REDE,Fonte institucional candidata; não é prova de regra até leitura do ato.
RN::DOE,RN,DOE,https://diariooficial.rn.gov.br/,,diariooficial.rn.gov.br,,,local-RN_DOE-20260716T171419672678Z,CAPTURA_FALHOU_ERRO_DE_REDE,Fonte institucional candidata; não é prova de regra até leitura do ato.
RN::ASSEMBLEIA_LEGISLATIVA,RN,ASSEMBLEIA_LEGISLATIVA,https://www.al.rn.leg.br/,https://www.al.rn.leg.br/,www.al.rn.leg.br,200,c191e6e028231956b457f0ec0bda35d11e8bd7d5ca9d7767005acad16201ce52,local-RN_ASSEMBLEIA_LEGISLATIVA-20260716T171419707683Z,CAPTURA_LOCAL_PENDENTE_DE_LEITURA_E_REFETCH,Fonte institucional candidata; não é prova de regra até leitura do ato.
RO::SEFAZ_LEGISLACAO,RO,SEFAZ_LEGISLACAO,https://legislacao.sefin.ro.gov.br/,https://legislacao.sefin.ro.gov.br/,legislacao.sefin.ro.gov.br,200,7ca70390bc496f9b6060888c63b992eeb3d08be2cc427a08102833bac635941c,local-RO_SEFAZ_LEGISLACAO-20260716T171419827212Z,CAPTURA_LOCAL_PENDENTE_DE_LEITURA_E_REFETCH,Fonte institucional candidata; não é prova de regra até leitura do ato.
RO::DOE,RO,DOE,https://diof.ro.gov.br/,https://diof.ro.gov.br/,diof.ro.gov.br,200,bced99f2bb0bce8d9efbe5899336104a39ef3de2afcfbc543fab4b1f6729002f,local-RO_DOE-20260716T171419888209Z,CAPTURA_LOCAL_PENDENTE_DE_LEITURA_E_REFETCH,Fonte institucional candidata; não é prova de regra até leitura do ato.
RO::ASSEMBLEIA_LEGISLATIVA,RO,ASSEMBLEIA_LEGISLATIVA,https://www.al.ro.leg.br/,https://www.al.ro.leg.br/,www.al.ro.leg.br,200,5f103b310c459232816050e7be001c63c490bab692ce04ef0132d375ddf14026,local-RO_ASSEMBLEIA_LEGISLATIVA-20260716T171419888209Z,CAPTURA_LOCAL_PENDENTE_DE_LEITURA_E_REFETCH,Fonte institucional candidata; não é prova de regra até leitura do ato.
RR::SEFAZ_LEGISLACAO,RR,SEFAZ_LEGISLACAO,https://www.sefaz.rr.gov.br/downloads/legislacao,https://www.sefaz.rr.gov.br/downloads/legislacao,www.sefaz.rr.gov.br,200,814db46303e112c8f2c4a845d44087308ba8a5ddeeb352ba53b3f8a65b73a732,local-RR_SEFAZ_LEGISLACAO-20260716T171419933059Z,CAPTURA_LOCAL_PENDENTE_DE_LEITURA_E_REFETCH,Fonte institucional candidata; não é prova de regra até leitura do ato.
RR::DOE,RR,DOE,https://imprensaoficial.rr.gov.br/,https://imprensaoficial.rr.gov.br/,imprensaoficial.rr.gov.br,200,e9567287d591c6ec6386f42f5ae75768af91e389e11762b2f0992ccb9d2f8cf4,local-RR_DOE-20260716T171420192582Z,CAPTURA_LOCAL_PENDENTE_DE_LEITURA_E_REFETCH,Fonte institucional candidata; não é prova de regra até leitura do ato.
RR::ASSEMBLEIA_LEGISLATIVA,RR,ASSEMBLEIA_LEGISLATIVA,https://al.rr.leg.br/,https://al.rr.leg.br/,al.rr.leg.br,200,1e8df06269a4f968c474e6c21ec1cf9e79b40b7a70e506cff0a7ccc961664f34,local-RR_ASSEMBLEIA_LEGISLATIVA-20260716T171420218579Z,CAPTURA_LOCAL_PENDENTE_DE_LEITURA_E_REFETCH,Fonte institucional candidata; não é prova de regra até leitura do ato.
RS::SEFAZ_LEGISLACAO,RS,SEFAZ_LEGISLACAO,https://estado.rs.gov.br/legislacao,https://estado.rs.gov.br/legislacao,estado.rs.gov.br,200,1b72f53677fabce035b083af0410645f0aa4649c5914a0a5eeebde25a698419d,local-RS_SEFAZ_LEGISLACAO-20260716T171420353100Z,CAPTURA_LOCAL_PENDENTE_DE_LEITURA_E_REFETCH,Fonte institucional candidata; não é prova de regra até leitura do ato.
RS::DOE,RS,DOE,https://www.diariooficial.rs.gov.br/,https://www.diariooficial.rs.gov.br/,www.diariooficial.rs.gov.br,200,ceb24675bd485e029c2a16de215607959290a556f51abfe170e13dbf43745fa6,local-RS_DOE-20260716T171420372107Z,CAPTURA_LOCAL_PENDENTE_DE_LEITURA_E_REFETCH,Fonte institucional candidata; não é prova de regra até leitura do ato.
RS::ASSEMBLEIA_LEGISLATIVA,RS,ASSEMBLEIA_LEGISLATIVA,https://ww4.al.rs.gov.br/legislacao-estadual,https://ww4.al.rs.gov.br/legislacao-estadual,ww4.al.rs.gov.br,200,fb5fe2a8620e3d08e156c80975acdff30dbfb157a9ed893b83651cf74b9854c0,local-RS_ASSEMBLEIA_LEGISLATIVA-20260716T171420449105Z,CAPTURA_LOCAL_PENDENTE_DE_LEITURA_E_REFETCH,Fonte institucional candidata; não é prova de regra até leitura do ato.
SC::SEFAZ_LEGISLACAO,SC,SEFAZ_LEGISLACAO,https://legislacao.sef.sc.gov.br/,https://legislacao.sef.sc.gov.br/,legislacao.sef.sc.gov.br,200,12c0b45dda63e441583399fe2d8b4acc1961ad961dc106725cea0df35fc37a79,local-SC_SEFAZ_LEGISLACAO-20260716T171420534106Z,CAPTURA_LOCAL_PENDENTE_DE_LEITURA_E_REFETCH,Fonte institucional candidata; não é prova de regra até leitura do ato.
SC::DOE,SC,DOE,https://portal.doe.sea.sc.gov.br/,https://portal.doe.sea.sc.gov.br/,portal.doe.sea.sc.gov.br,200,a718d93b6af6a0722ffdb720d7b2001cc476a515b50d2511281dcc5c1df04f5c,local-SC_DOE-20260716T171420601631Z,CAPTURA_LOCAL_PENDENTE_DE_LEITURA_E_REFETCH,Fonte institucional candidata; não é prova de regra até leitura do ato.
SC::ASSEMBLEIA_LEGISLATIVA,SC,ASSEMBLEIA_LEGISLATIVA,https://leis.alesc.sc.gov.br/,https://leis.alesc.sc.gov.br/legislativo,leis.alesc.sc.gov.br,200,bcb784a9f639778dd9550a5e4efa679d0ba024ba16f50cf74e72f5952425fd9a,local-SC_ASSEMBLEIA_LEGISLATIVA-20260716T171420657628Z,CAPTURA_LOCAL_PENDENTE_DE_LEITURA_E_REFETCH,Fonte institucional candidata; não é prova de regra até leitura do ato.
SE::SEFAZ_LEGISLACAO,SE,SEFAZ_LEGISLACAO,http://legislacaoonline.sefaz.se.gov.br:17501/Paginas/Default.aspx,http://legislacaoonline.sefaz.se.gov.br:17501/Paginas/Default.aspx,legislacaoonline.sefaz.se.gov.br:17501,200,bb9b72d3abfdd579c276468c4b8ff3b266edd32e0ae0da064be3d30d98582cbb,local-SE_SEFAZ_LEGISLACAO-20260716T171420741627Z,CAPTURA_LOCAL_PENDENTE_DE_LEITURA_E_REFETCH,Fonte institucional candidata; não é prova de regra até leitura do ato.
SE::DOE,SE,DOE,https://iose.se.gov.br/,https://iose.se.gov.br/,iose.se.gov.br,200,84e2efa640aacf83324b0449343b3e918096c155aaef6a596cb7bbf97a2b0ccd,local-SE_DOE-20260716T171420825159Z,CAPTURA_LOCAL_PENDENTE_DE_LEITURA_E_REFETCH,Fonte institucional candidata; não é prova de regra até leitura do ato.
SE::ASSEMBLEIA_LEGISLATIVA,SE,ASSEMBLEIA_LEGISLATIVA,https://al.se.leg.br/,https://al.se.leg.br/,al.se.leg.br,200,a643613212b0dc53ac69ae4651caeb8ad136785b9013def854bfe63ef6f0695d,local-SE_ASSEMBLEIA_LEGISLATIVA-20260716T171420859165Z,CAPTURA_LOCAL_PENDENTE_DE_LEITURA_E_REFETCH,Fonte institucional candidata; não é prova de regra até leitura do ato.
SP::SEFAZ_LEGISLACAO,SP,SEFAZ_LEGISLACAO,https://portal.fazenda.sp.gov.br/paginas/legislacao.aspx,https://portal.fazenda.sp.gov.br/paginas/legislacao.aspx,portal.fazenda.sp.gov.br,200,0a8153c87784c24a7d5006a83e4820154b59ebb367c07d8707e82ad970cedebe,local-SP_SEFAZ_LEGISLACAO-20260716T171421112876Z,CAPTURA_LOCAL_PENDENTE_DE_LEITURA_E_REFETCH,Fonte institucional candidata; não é prova de regra até leitura do ato.
SP::DOE,SP,DOE,https://doe.sp.gov.br/,https://doe.sp.gov.br/,doe.sp.gov.br,200,d0e32126c9b8e2213cb2ea0537f3eab596eee2efdfd39648b543ee71c0f06196,local-SP_DOE-20260716T171421250872Z,CAPTURA_LOCAL_PENDENTE_DE_LEITURA_E_REFETCH,Fonte institucional candidata; não é prova de regra até leitura do ato.
SP::ASSEMBLEIA_LEGISLATIVA,SP,ASSEMBLEIA_LEGISLATIVA,https://www.al.sp.gov.br/norma/resultados?idsTipoNorma=9&tipoPesquisa=E,,www.al.sp.gov.br,,,local-SP_ASSEMBLEIA_LEGISLATIVA-20260716T171421416408Z,CAPTURA_FALHOU_ERRO_DE_REDE,Fonte institucional candidata; não é prova de regra até leitura do ato.
TO::SEFAZ_LEGISLACAO,TO,SEFAZ_LEGISLACAO,https://www.to.gov.br/sefaz/legislacao-tributaria/3lb4r1ekdyvb,https://www.to.gov.br/sefaz/legislacao-tributaria/3lb4r1ekdyvb,www.to.gov.br,200,0e1ba81e41e4f2849f4c121460ed24e7774d5b3a713f4aff2d5112862c6b4d9f,local-TO_SEFAZ_LEGISLACAO-20260716T171421464407Z,CAPTURA_LOCAL_PENDENTE_DE_LEITURA_E_REFETCH,Fonte institucional candidata; não é prova de regra até leitura do ato.
TO::DOE,TO,DOE,https://diariooficial.to.gov.br/,https://diariooficial.to.gov.br/,diariooficial.to.gov.br,200,89967eecfcce0e9c4829d4d6ffe68227e6ecff4d6f56a005202bd3e8e99fe033,local-TO_DOE-20260716T171421589192Z,CAPTURA_LOCAL_PENDENTE_DE_LEITURA_E_REFETCH,Fonte institucional candidata; não é prova de regra até leitura do ato.
TO::ASSEMBLEIA_LEGISLATIVA,TO,ASSEMBLEIA_LEGISLATIVA,https://www.al.to.leg.br/,https://www.al.to.leg.br/,www.al.to.leg.br,200,e8f74a2b747a91428babb546247e538aaca4d91104a15efd0dbfa687a533eacd,local-TO_ASSEMBLEIA_LEGISLATIVA-20260716T171421700187Z,CAPTURA_LOCAL_PENDENTE_DE_LEITURA_E_REFETCH,Fonte institucional candidata; não é prova de regra até leitura do ato.
BR::PLANALTO,BR,PLANALTO,https://www.planalto.gov.br/ccivil_03/leis/_lei-principal.htm,,www.planalto.gov.br,,,local-BR_PLANALTO-20260716T171421748189Z,CAPTURA_FALHOU_ERRO_DE_REDE,Fonte institucional candidata; não é prova de regra até leitura do ato.
BR::DOU_IMPRENSA_NACIONAL,BR,DOU_IMPRENSA_NACIONAL,https://www.in.gov.br/leiturajornal,https://www.in.gov.br/leiturajornal,www.in.gov.br,200,168def05f8229bcc6f9dd9627fd1f91debd81aad22dd47b837262c8bba20c05f,local-BR_DOU_IMPRENSA_NACIONAL-20260716T171421789189Z,CAPTURA_LOCAL_PENDENTE_DE_LEITURA_E_REFETCH,Fonte institucional candidata; não é prova de regra até leitura do ato.
BR::RFB_NORMAS,BR,RFB_NORMAS,https://normas.receita.fazenda.gov.br/sijut2consulta/consulta.action,https://normas.receita.fazenda.gov.br/sijut2consulta/consulta.action,normas.receita.fazenda.gov.br,200,297050e24df179f00b12151ee5283718a0f3dd82d60f42ecc76f7d5525162ef9,local-BR_RFB_NORMAS-20260716T171421811203Z,CAPTURA_LOCAL_PENDENTE_DE_LEITURA_E_REFETCH,Fonte institucional candidata; não é prova de regra até leitura do ato.
BR::PGFN,BR,PGFN,https://www.gov.br/pgfn/pt-br/assuntos/representacao-judicial/legislacao-e-normas,https://www.gov.br/pgfn/pt-br/assuntos/representacao-judicial/legislacao-e-normas,www.gov.br,200,e47d1af29562ab18813b63ea29fbdcaa2fc6452aa7cc9afcd11237d8d964eebe,local-BR_PGFN-20260716T171421906737Z,CAPTURA_LOCAL_PENDENTE_DE_LEITURA_E_REFETCH,Fonte institucional candidata; não é prova de regra até leitura do ato.
BR::CONFAZ_CONVENIOS_ICMS,BR,CONFAZ_CONVENIOS_ICMS,https://www.confaz.fazenda.gov.br/legislacao/convenios,https://www.confaz.fazenda.gov.br/legislacao/convenios,www.confaz.fazenda.gov.br,200,77c128306f690c7649676f0fbfddd3c6b09296a37bfa577cb66fa581475bd9eb,local-BR_CONFAZ_CONVENIOS_ICMS-20260716T171422042154Z,CAPTURA_LOCAL_PENDENTE_DE_LEITURA_E_REFETCH,Fonte institucional candidata; não é prova de regra até leitura do ato.
BR::CONFAZ_AJUSTES_SINIEF,BR,CONFAZ_AJUSTES_SINIEF,https://www.confaz.fazenda.gov.br/legislacao/ajustes,https://www.confaz.fazenda.gov.br/legislacao/ajustes,www.confaz.fazenda.gov.br,200,d2db96de1c460a9c853d52796cee91a3be99ae854445e98fb3e550b18bf09bcc,local-BR_CONFAZ_AJUSTES_SINIEF-20260716T171422102684Z,CAPTURA_LOCAL_PENDENTE_DE_LEITURA_E_REFETCH,Fonte institucional candidata; não é prova de regra até leitura do ato.
BR::CONFAZ_ATOS_COTEPE,BR,CONFAZ_ATOS_COTEPE,https://www.confaz.fazenda.gov.br/legislacao/atos,https://www.confaz.fazenda.gov.br/legislacao/atos,www.confaz.fazenda.gov.br,200,d7b9dd00dd0f9d2098f9ab161a4ad563065e1954478bb3b3ba60846cb7cf6c3e,local-BR_CONFAZ_ATOS_COTEPE-20260716T171422266681Z,CAPTURA_LOCAL_PENDENTE_DE_LEITURA_E_REFETCH,Fonte institucional candidata; não é prova de regra até leitura do ato.
BR::CONFAZ_PROTOCOLOS_ICMS,BR,CONFAZ_PROTOCOLOS_ICMS,https://www.confaz.fazenda.gov.br/legislacao/protocolos,https://www.confaz.fazenda.gov.br/legislacao/protocolos,www.confaz.fazenda.gov.br,200,e6b9aeb99ab92c544f5615c3f252e0a20b58e95f51054d85de01806d092eb04a,local-BR_CONFAZ_PROTOCOLOS_ICMS-20260716T171422288683Z,CAPTURA_LOCAL_PENDENTE_DE_LEITURA_E_REFETCH,Fonte institucional candidata; não é prova de regra até leitura do ato.
BR::CONFAZ_RESOLUCOES,BR,CONFAZ_RESOLUCOES,https://www.confaz.fazenda.gov.br/legislacao/resolucoes,https://www.confaz.fazenda.gov.br/legislacao/resolucoes,www.confaz.fazenda.gov.br,200,ced4ca1abfaeb7a2b71d18fb9b31a96b39d45bb4c51263f0cc64600e5fc123b8,local-BR_CONFAZ_RESOLUCOES-20260716T171422357228Z,CAPTURA_LOCAL_PENDENTE_DE_LEITURA_E_REFETCH,Fonte institucional candidata; não é prova de regra até leitura do ato.
BR::CGIBS_REGULAMENTOS,BR,CGIBS_REGULAMENTOS,https://www.cgibs.gov.br/regulamentos,https://www.cgibs.gov.br/regulamentos,www.cgibs.gov.br,200,6193f0214e20061d03ac88e185e20633bf13e43601dda7cbbcfe893898260574,local-BR_CGIBS_REGULAMENTOS-20260716T171422495216Z,CAPTURA_LOCAL_PENDENTE_DE_LEITURA_E_REFETCH,Fonte institucional candidata; não é prova de regra até leitura do ato.
BR::PORTAL_NACIONAL_TCBS,BR,PORTAL_NACIONAL_TCBS,https://consumo.tributos.gov.br/,https://consumo.tributos.gov.br/,consumo.tributos.gov.br,200,4a7c212e70b4ef7ee53fb0d22c1605de8ea04c62ecb7247b4c52fd6b107eb628,local-BR_PORTAL_NACIONAL_TCBS-20260716T171422517216Z,CAPTURA_LOCAL_PENDENTE_DE_LEITURA_E_REFETCH,Fonte institucional candidata; não é prova de regra até leitura do ato.
BR::SENADO,BR,SENADO,https://www25.senado.leg.br/web/atividade/legislacao/legislacao-federal,https://www25.senado.leg.br/web/atividade/legislacao/legislacao-federal,www25.senado.leg.br,200,e7e173662cd42076919c5ed249d3cf7554558109c95daefd5dec12747df459fc,local-BR_SENADO-20260716T171422663743Z,CAPTURA_LOCAL_PENDENTE_DE_LEITURA_E_REFETCH,Fonte institucional candidata; não é prova de regra até leitura do ato.
BR::STF,BR,STF,https://portal.stf.jus.br/jurisprudencia/,https://portal.stf.jus.br/jurisprudencia/,portal.stf.jus.br,403,,local-BR_STF-20260716T171422685743Z,CAPTURA_FALHOU_HTTP_ERROR,Fonte institucional candidata; não é prova de regra até leitura do ato.
BR::STJ,BR,STJ,https://processo.stj.jus.br/SCON/,https://processo.stj.jus.br/SCON/,processo.stj.jus.br,200,9c9ccfeec5cf059f5fc7ac7b7c3aea32664935cf05987326ff75726f906d72b8,local-BR_STJ-20260716T171422884276Z,CAPTURA_LOCAL_PENDENTE_DE_LEITURA_E_REFETCH,Fonte institucional candidata; não é prova de regra até leitura do ato.
BR::CARF,BR,CARF,https://www.gov.br/carf/pt-br/jurisprudencia,https://www.gov.br/carf/pt-br/jurisprudencia,www.gov.br,200,f9ff8e6a3dc93269fa34a9e94431353423ddf2e9d066d15ffb09b174f8cffc9a,local-BR_CARF-20260716T171422991313Z,CAPTURA_LOCAL_PENDENTE_DE_LEITURA_E_REFETCH,Fonte institucional candidata; não é prova de regra até leitura do ato.
