path,surface,extension,git_mode,git_blob,git_size,worktree_size,sha256_canonical,present,status
.github/workflows/portal-audit.yml,github,.yml,100644,db17b526f24ef350efb64a92d21aec87591fd51d,2259,2316,6bc9bf6b640ea8aaf079fb3496cf92298323244b3d305954b988945fe0a1ef48,True,OK
404.html,root_surface,.html,100644,477b28821638033d450cc6c6228ed8d7bfed27c0,607,611,07e4f9f163f5653ca81949a694ba17f00d8416bcdb84f13fafbb7f5d154d13e7,True,OK
_config.yml,root_surface,.yml,100644,dceb5a888f1bf97da64ec300913ab72af67fc617,632,665,69330c9cc6d0e640e062fc1cc48b8da7d3abddbae6c25d9551aa43ecbd589e01,True,OK
assets/build-freshness.json,assets,.json,100644,5f095aed2ab6175ebbe87094a560e5c2b63d6531,2991,3073,155022c5de38e27ae7e5891547e37826a51de9c5ac0b56d0b463af915d39c837,True,OK
assets/flags/README.md,assets,.md,100644,a7a75b76d7890b77da07f6516227d819e1073272,335,344,122c924ce9878e8fea0d8d1da3459b816bf3004354423795b9382b48e693d3c6,True,OK
assets/flags/ac.svg,assets,.svg,100644,12b6b7f1bd255ab4493f7500ac04708a76819f4a,747,747,54d4374657e1bdb16c109bbc2e579ad9339785d92767b490d3e8bea4ea8cfb3c,True,OK
assets/flags/al.svg,assets,.svg,100644,f5c5801a0c016722f5650ceef98ae9d8d905989a,6721,6721,5c6867c6274408ece0be675dea19188743a8aba7bae4d9e7026d979dfbf233ac,True,OK
assets/flags/am.svg,assets,.svg,100644,3568dcaefb77645a1216e70f046ccd9386fa6091,1580,1580,eae14486398d823116ee02b6c40af0e3633cdbd967fb9f51347adb570a4165da,True,OK
assets/flags/ap.svg,assets,.svg,100644,5b33fcff4072e9a5b06d7fe034c630e8dfe251d0,1039,1039,c54ee3c6407a1dd37fb91979459d6b496242c27ca448f515c31a3e2619e7421d,True,OK
assets/flags/ba.svg,assets,.svg,100644,7fd90aecc0a5fa9f37487171b9419a75a0e323c6,712,712,aba2da908cfd4da84adf4e1408345925f60b64d666348e673e8d81dcd8bb7d7c,True,OK
assets/flags/ce.svg,assets,.svg,100644,06842753431bf96af810a831cbfc0aee680f3f0f,2659,2659,bb21e1cc20b20daadc2b707aafe81e217f87e8ebc94c1844333cafd1237b93ac,True,OK
assets/flags/df.svg,assets,.svg,100644,60cae97b14d420b809051af7419956bd8e8da1a3,831,831,8613577ca78cae27cc224789e7ffeff914fbaa1c25d3dc2db004828705c9fb1e,True,OK
assets/flags/es.svg,assets,.svg,100644,7be2e26787581f009f8fa6cc244a58e46ef86662,6281,6281,b376215f5c2cfdb5e415a34b63c2c27ffe49d4beb96572f469b30fb671ba5057,True,OK
assets/flags/go.svg,assets,.svg,100644,074d109424a8b9c3505b702b9303859a91d9460a,2755,2755,3482e73a9f47fc9cdcf813b69a73543b7f627a60dcf22dcbd14be1e39565ab14,True,OK
assets/flags/ma.svg,assets,.svg,100644,10f5e564742ca523a6b8e2957f0ef5f1cfb3d8ee,1321,1321,0387f800426cb58354e092d6098969571c56eccbb782747b70bd17d1df5306c2,True,OK
assets/flags/mg.svg,assets,.svg,100644,605e0a5e5bc5a0d0cea97c3aec41e3220da12713,484,484,02aed739c83623f702945e5c3f6254af5fc3e3c7a3737bd94b7c81fc3507aa8a,True,OK
assets/flags/ms.svg,assets,.svg,100644,54874570c19d499dae0c97214fda2f2529b3a7a8,854,854,fa025939508c7d6365eb7853c9fcc2525e8d454b778376ae397c562becce325a,True,OK
assets/flags/mt.svg,assets,.svg,100644,c883607dc4eced8279d0b24f2aa26257175e7c57,944,944,de1e1cd29fe5e7d1caac4f39e18f4b780a4ca9d1951fe4565f21f6fcb85f70e0,True,OK
assets/flags/pa.svg,assets,.svg,100644,ef1808d0944ac3810cc61ec9bb41f99329ef2a7c,857,857,7cadf3aa0f163a84714dbef952e08ba88e7128d2d8a8463ca05e669341486a00,True,OK
assets/flags/pb.svg,assets,.svg,100644,619aa87fe6ceb0ebcef0c37c04e21578d1d047fc,281,281,389a026dd04c3c55a663ff881af3f18a3fdee834ace8902497b20a3481c726ce,True,OK
assets/flags/pe.svg,assets,.svg,100644,76648c74316340c1febd71193447d794483339f8,1577,1577,8f50f169ff3781e7cc3d7a9da343e874d5598251fa31259d524efcb78932bd74,True,OK
assets/flags/pi.svg,assets,.svg,100644,18231cb857beedf2da3bb22c8d02551637beff54,1262,1262,6aa9d52de277aef2a9de38841f538007714275b06985aadb453dd9813edaa2bb,True,OK
assets/flags/pr.svg,assets,.svg,100644,dcc113e2c2272b0a9e2da78fc024c172a6b78468,714,714,9e3dc6fdc2ffea016c9129f13793240feb9aa905a80c446549ea9691e7e63ee9,True,OK
assets/flags/rj.svg,assets,.svg,100644,dc9391f21944489a92b5889cf29c1ad8e3583c7f,7868,7868,f4b50506438df3bd25dffab16a973b2f2e679bfd5d2c4c6c64ecc90601a4e11d,True,OK
assets/flags/rn.svg,assets,.svg,100644,ff4b28e0dbd3e807fb019636d21b2de6a3ba5cec,4112,4112,151f643266090485547db37c1640f6a9e25777f479e4d0c1eddd7fdda7da3621,True,OK
assets/flags/ro.svg,assets,.svg,100644,f8a0d51aef30ebdd097337ad12c05a43718b156e,731,731,befb1b0bd60346cfe6e15178ce1f13df8a83d4ad20770e00445dc503cf96ac03,True,OK
assets/flags/rr.svg,assets,.svg,100644,7920ec2401c7860a90b104a38ff5ab9026592ddf,975,975,b297394a240de56a65251bddca221f3e87bd1a0860855176231024a2a5b529e3,True,OK
assets/flags/rs.svg,assets,.svg,100644,00526a0af3086c0f8675b06b34a969a728185130,2273,2273,d9b99040924f47a9e0887ae40836d68568a087672114d935386b2d7037d089f9,True,OK
assets/flags/sc.svg,assets,.svg,100644,81e27afe7149bbfc5ac24aef6799a2df6a97c494,6328,6328,f7be1acb5536723c40c38f60670f03a2a4c1297d98079f5e8cd2e0e1cd5eb4fc,True,OK
assets/flags/se.svg,assets,.svg,100644,b2d86cfa2a2d405fd4b417c0f4268222e6962ea4,2389,2389,4c618ea9477490bdc9b22650cc9d1b4357087fb8a71b52d57b27f3d922fd81aa,True,OK
assets/flags/sp.svg,assets,.svg,100644,b717073102e95c271bda5e21610c5198de276225,3442,3442,6bb21686ffd55d56eb2b23d7b0001e8809fa2ad39275b4852ad2fce3def8fc33,True,OK
assets/flags/to.svg,assets,.svg,100644,a3ffc356b92783ef5c2b1300b216ec26e9e36ee6,1343,1343,7cc2c68e9c7a3db01afa408a50bbcd75c53ad6392ccf3f3ef88819aa184489f4,True,OK
assets/knowledge-theme-2026.css,assets,.css,100644,a64036169a980bb855829a3cac000e7bc306af32,17535,18206,7e46d7563df98ff1110ef7ba5452acd892374d3ce3ebb01f43d2ccc9b73086cc,True,OK
assets/llm-manifest.json,assets,.json,100644,ec713268a3afcefe337baad8a6ffe0048c6b091c,205845,209777,3598749cd3075342da3c38f69fb324a571c72b5c29cd521a6b23e75d2e435954,True,OK
assets/portal-search-full.json,assets,.json,100644,b985758fbb1d78e6d9c5baa0907bc50ffff04074,49493122,49493123,86b7aedab15d639fa03af8595e32eae91c3f8f59a92c9ac49d8079a606ecbc7c,True,OK
assets/portal-search.js,assets,.js,100644,14976f7d660745df8882b3e0df51269e59014a68,1017013,1034544,03681ab9cde07d9656d1deb8c5cc38cf620d605172cc22c8d8cc0f2d9dbe0edd,True,OK
assets/portal-tributario.css,assets,.css,100644,4e16c41992afa0fe977b1a92581a557d4ab7dcd9,44482,47146,116ed32517f717e6841d7bf61e989b636cc51ded51281c5801b5d9e0b965796b,True,OK
assets/portal-tributario.js,assets,.js,100644,c7ad7358c39deb71a43995a57d5a53e5dd132192,26408,27047,54b896b65651e0d1e5df42c2db50be27ee68ab9dd65ef5d417d6f8ef7fe07f12,True,OK
data/benefits_crosswalk.json,data,.json,100644,c63fd0bfee6d94fc8931eb9bb643b5aa591e5374,75574513,76509697,df3f2261681d184d177ab632d04f7334bcd77ed37826d43e72db7ee7f11c7810,True,OK
data/benefits_quarantine.json,data,.json,100644,806a258058da008811c27208d80824330c608d90,20487960,20743190,376ab235abaa4f37760900f4bda498241ec3dd8e34595169ca95fff7e4b1be6d,True,OK
data/confaz_ultimos_5_anos.json,data,.json,100644,ce21a66107b23a1fcb2326b1f420edc8be8c341d,346841,356787,4f2d1672a084bb2f2fc644a1182a4d8c445a4da2e9d046d6f0ac063292ca4c80,True,OK
data/corpus-local/legal_sources_registry.json,data,.json,100644,4b0b19276a960199557e3b3213f637321a4e5c6f,409178,418059,40d2d2dc1740ab3344fbbceac7bda9c9b4bd838dea51ff07c652501fe5a7bab6,True,OK
data/corpus-local/uf-sealing-plan.json,data,.json,100644,53693026800d29b8414df9ba01b8f60be7516511,14781,15166,c4c0af0a635865a0a40ddf8709c78d411f994c52fbf00e79c57d0f82ed5fd4bc,True,OK
data/cowork/portal-package-manifest.json,data,.json,100644,964bc01d4671ae430f6571c25e67cec66808dd65,9261,9526,8d60f7e84e85f630db2de805403e196b10d9d6be8effbeea2bb813ef298810e3,True,OK
data/fontes-estaduais-curadas/centro-oeste/DF/DF_DEC_18726_1997_AGRO_DIFERIMENTO_2026-04-26.txt,data,.txt,100644,b909480ca1330865460b5083751507f86d1535f6,8671,8747,25d00f0bbb6f279594df1a100e2a95f5706d0455ee35481bebc879b82551f370,True,OK
data/fontes-estaduais-curadas/centro-oeste/DF/DF_DEC_18955_1997_RICMS_2026-04-26.txt,data,.txt,100644,326a330b8e39c76806916374e52de9a8d61f9fa5,795323,803462,c5a39d7c917068b77bf1a871d934ad22a6608626d20b1b69129d9bd12b8c394a,True,OK
data/fontes-estaduais-curadas/centro-oeste/DF/DF_DEC_39753_2019_CREDITO_OUTORGADO_2026-04-26.txt,data,.txt,100644,03b57b383168a067ee34ea3fcb25e4e8fbd03bdb,11741,11825,c8d46700f5da1c631c1c4610100dc49bb452112d300ca84102879f782dd31fc9,True,OK
data/fontes-estaduais-curadas/centro-oeste/DF/DF_DEC_39789_2019_EFD_ICMS_IPI_2026-04-26.txt,data,.txt,100644,0f12fada75a04321c4e543d21a57d4e0dca0381e,6280,6327,706d3977db71dbd99fdfb5931b9b8a53f704293266a3d4f7b151b6cbaf226190,True,OK
data/fontes-estaduais-curadas/centro-oeste/DF/DF_DEC_39803_2019_EMPREGADF_2026-04-26.txt,data,.txt,100644,4180b278f9a2535608acd50ce043ea12648e511d,79899,80384,c5ca81d64cdcf178f18e02a9730cabe096c2844401f197fc4225f3fec4a2ee59,True,OK
data/fontes-estaduais-curadas/centro-oeste/DF/DF_DEC_45287_2023_ALHO_CREDITO_OUTORGADO_2026-04-26.txt,data,.txt,100644,3fd7f0aa67c8f664ca3aa36da9c9e223bff49ecf,7768,7842,1e6fe0afad55579c5e0b6ef600153b95a094a35ef1b21aed1334c8d2293d5ce1,True,OK
data/fontes-estaduais-curadas/centro-oeste/DF/DF_DEC_46900_2025_PRODF_DESENVOLVEDF_2026-04-26.txt,data,.txt,100644,f659ea072f17106b7158b9d02b2c4e338ad48d92,109852,110507,c49da0f4cc94aed5b62dddd0c6d774b7db8559dba0278d8db8ddbd5b7aeffcef,True,OK
data/fontes-estaduais-curadas/centro-oeste/DF/DF_LC_1068_2026_DEVEDOR_CONTUMAZ_2026-05-23.txt,data,.txt,100644,9252c2c3e04292dd36924eae737c658d82b71161,7485,7571,dbc7306540fdbc0a2c65c3338c57684edd52ba64d345f9234764f88199e57765,True,OK
data/fontes-estaduais-curadas/centro-oeste/DF/DF_LEI_1254_1996_ICMS_2026-04-26.txt,data,.txt,100644,a2e34ffa02054b6055004f347a417a6a04077b9d,202755,204564,620a5050e23189efb2f1c3d772f5cfbb57260345df834f059d5eb464042ad0fe,True,OK
data/fontes-estaduais-curadas/centro-oeste/DF/DF_LEI_3196_2003_PRODF_II_2026-04-26.txt,data,.txt,100644,1f5b8b495a5a0d8e0ed99733bb88a8cc00878036,49762,50229,562b73115dc67961ddcee02ab41ce56465a693a6faf977e4df3a5ef21882d258,True,OK
data/fontes-estaduais-curadas/centro-oeste/DF/DF_LEI_3266_2003_PRODF_II_COMPLEMENTAR_2026-04-26.txt,data,.txt,100644,978342e574681179d32525decf61849fe040fd93,66425,67039,d526ced65458a5520483e2294d30db76c55c26cde1431ab1a45fe50190aa83e9,True,OK
data/fontes-estaduais-curadas/centro-oeste/DF/DF_LEI_5005_2012_REGIME_APURACAO_2026-04-26.txt,data,.txt,100644,3cc627fa0ea1c3f37f866fc687b8dcf8f08828d5,25935,26141,116332e7ad456fae5e035ab41d2871d18dcac4433157d08c543b275a5bffa805,True,OK
data/fontes-estaduais-curadas/centro-oeste/DF/DF_LEI_6225_2018_BENEFICIOS_LC160_2026-04-26.txt,data,.txt,100644,14962f42f42c6093846bd5b2487174069065a80c,19624,19930,879e419a8f2af4c0a538897505f55d7793c5a08ff5451420157a2ef57dffdd32,True,OK
data/fontes-estaduais-curadas/centro-oeste/DF/manifest.json,data,.json,100644,a31fd7b695fdb785bbc1e050da31fd605ba66d53,7121,7261,d68666d5398c23d71227b0fe106903b1916dfacbbb19a7c0169d98b390dadaff,True,OK
data/fontes-estaduais-curadas/centro-oeste/MS/MS_ATO_DECL_1_2026_CADASTRO_2026-04-26.txt,data,.txt,100644,da4f2abcb61ff00b78cffef608ef37096d1475b1,3893,3995,3a2c3351fecba3a2058e9194536890a0fc01e265bd1c87240d2149531d49cd8e,True,OK
data/fontes-estaduais-curadas/centro-oeste/MS/MS_DEC_14644_2016_CADASTRO_FISCAL_2026-04-26.txt,data,.txt,100644,cd2d51f4dd33e1c6896d37d93415e89442bb401e,72847,73705,3a47fd176449d2a59c3e46bd559977cb7ff21e91ae817840076e58a63b99b2f0,True,OK
data/fontes-estaduais-curadas/centro-oeste/MS/MS_DEC_16721_2025_REFIS_PRORROGACAO_2026-04-26.txt,data,.txt,100644,2776cdd7009814b40da4331ddf394dba5c7f71f7,2907,2965,3bdd5e8b646a1d6fc395cc0f383c022d0b74fe028449d5b13bfe7441c8942b6c,True,OK
data/fontes-estaduais-curadas/centro-oeste/MS/MS_DEC_16722_2025_ICMS_2026-04-26.txt,data,.txt,100644,da82c4d24d2bc845a2d5f6ca2c66743888519331,928,955,74d70f0a87f96747c6cddcd220653563b6cc4034a43c29db5132fb098fa20f37,True,OK
data/fontes-estaduais-curadas/centro-oeste/MS/MS_DEC_16724_2025_ICMS_2026-04-26.txt,data,.txt,100644,8fcacdfdd1701731b2b222983ed6bda7606a200e,2095,2132,82080bb05d9a482a265f3e3f400d1c86cb518146de4c0d30d9bd78a26e9ab224,True,OK
data/fontes-estaduais-curadas/centro-oeste/MS/MS_DEC_9203_1998_APROVACAO_RICMS_2026-04-26.txt,data,.txt,100644,fa11315b5acd163e952943dbc0e32328845b5488,6224,6327,51dcde25d9fce1c2a53a402e15dbaf573b2195ef0eb90885a99ae794fd36eb8e,True,OK
data/fontes-estaduais-curadas/centro-oeste/MS/MS_DEC_9203_1998_RICMS_GERAL_2026-04-26.txt,data,.txt,100644,752ca58f22a944eb350e1f86342bdb1a650f986f,609298,616306,2165b8c3af4a2e7feda7a4250d9d0278e52beb9fec8af9ecbc81302dd043c80d,True,OK
data/fontes-estaduais-curadas/centro-oeste/MS/MS_LC_93_2001_MS_EMPREENDEDOR_2026-04-26.txt,data,.txt,100644,d14b0126d32190aae5072a08806c395d5c441df9,236301,238913,835ce34f8f88d2cb14acf4e57e7bb2a4a8c871b7de2c5baf61fca398809ca787,True,OK
data/fontes-estaduais-curadas/centro-oeste/MS/MS_LEI_1810_1997_ICMS_2026-04-26.txt,data,.txt,100644,dd9838a174c7692008e91b24c9d962e9315b8a4e,580356,585103,ee97b2f0502ff2c2d82cbe0d00426e2390e54443cc482835d39d5a6e151d8ddb,True,OK
data/fontes-estaduais-curadas/centro-oeste/MS/MS_LEI_1963_1999_FUNDERSUL_2026-04-26.txt,data,.txt,100644,1d92d5938904b6313d4dc7be6b8512fa67f24773,43139,43838,b9d807294df2fdaeeae98b1e8e75f4d7e57d8c7a28639391fc6f1ff131e3009d,True,OK
data/fontes-estaduais-curadas/centro-oeste/MS/MS_LEI_6495_2025_REFIS_ICMS_2026-04-26.txt,data,.txt,100644,3d57f62030a0d1a5a43d29a1fdba3a5279534390,28958,29197,ddbece17f9f164f42b31c270d0820a38527d516397f202e97b3e33592a6c8c9b,True,OK
data/fontes-estaduais-curadas/centro-oeste/MS/MS_PORT_3759_2025_VALOR_REAL_PESQUISADO_2026-04-26.txt,data,.txt,100644,42260917668bfc2b7fdf3288e8bb552e20407930,1831,1871,3c90a8f9fbc969bd87130499c5687a63ae09f8959e41a9acbddb6d7639ba2b16,True,OK
data/fontes-estaduais-curadas/centro-oeste/MS/MS_PORT_3760_2026_VALOR_REAL_PESQUISADO_2026-04-26.txt,data,.txt,100644,62bb00e871a8e87d0e31fdfffe2c5ca47ae13797,1921,1968,ac5df309024928f7f88cfd21a61dffaf6713bb0ad2768e581b53142bf2646730,True,OK
data/fontes-estaduais-curadas/centro-oeste/MS/MS_PORT_3761_2026_VALOR_REAL_PESQUISADO_2026-04-26.txt,data,.txt,100644,2749db823d36bcb96300adf4b8c427940cbd3b17,1755,1801,188c1d2bf74922af2f7ca45cb552ad1a73b90142dd93c6d13e59afc6b71e4284,True,OK
data/fontes-estaduais-curadas/centro-oeste/MS/MS_RES_3485_2025_EFD_2026-04-26.txt,data,.txt,100644,89ed18d02aa6b1ac50fa05add4132479adcaf7fa,1031,1057,f7191b8aca4327acc182dd81504a6f4a6b23392fa0ba17d1a64ccebb1d0b8be1,True,OK
data/fontes-estaduais-curadas/centro-oeste/MS/MS_RICMS_ANEXO_001_BENEFICIOS_2026-04-26.txt,data,.txt,100644,8dc2b77a8299e689c7a3bed769e4163ee4752cfa,559867,566431,19b89282730ca683078ae5b04bb5fdc0735646ec75eec28558e40da0e74e9ced,True,OK
data/fontes-estaduais-curadas/centro-oeste/MS/MS_RICMS_ANEXO_002_DIFERIMENTO_2026-04-26.txt,data,.txt,100644,1eb9c9e8970442a1afbb9f9e612b501c3ceffdda,44124,44635,d5189f31751a5ac6edb5ca4bc23710efa24cf53d6b0b9b0c0c166310cae878f5,True,OK
data/fontes-estaduais-curadas/centro-oeste/MS/MS_RICMS_ANEXO_003_ST_2026-04-26.txt,data,.txt,100644,0701f1f5715d49e6acae7703ca81ea93657f6013,198521,200513,e2332dd50116650200e958d87a5b2c526a3fc3b66f94aa46762db8fbb8d9e965,True,OK
data/fontes-estaduais-curadas/centro-oeste/MS/MS_RICMS_ANEXO_004_CADASTRO_2026-04-26.txt,data,.txt,100644,cb1fbd4921e3b2427367dc7b9f9c0990a0f84f73,118228,119511,a0e18b6758707378b813f493e08cd3edf2276059dc4bbe44ef5cbef80377351e,True,OK
data/fontes-estaduais-curadas/centro-oeste/MS/MS_RICMS_ANEXO_005_REGIMES_ESPECIAIS_2026-04-26.txt,data,.txt,100644,f6206fadae7846c8fea9784f4e5b3ddb81467d6e,200512,202788,78a19cfed8b59b7c5d87e265a45b647b052924b0027945b6e12caaf254c9defd,True,OK
data/fontes-estaduais-curadas/centro-oeste/MS/MS_RICMS_ANEXO_006_CREDITOS_PRESUMIDOS_PRODUTOR_2026-04-26.txt,data,.txt,100644,d201f0bef387ac0d4379168a1ec26d80c56e47ef,8781,8860,243f903f5fac72e7d125040c0b20f7a038b746b29f3189efee5c4cfbf3b74a6e,True,OK
data/fontes-estaduais-curadas/centro-oeste/MS/MS_RICMS_ANEXO_007_ESTIMATIVA_2026-04-26.txt,data,.txt,100644,93f6f701f4eed135d695bad8e462498e0e9050e5,9957,10080,0c2941b03b7de339f72c10c0c8aef31f39b130391010f55306581797e9065520,True,OK
data/fontes-estaduais-curadas/centro-oeste/MS/MS_RICMS_ANEXO_008_PAGAMENTO_2026-04-26.txt,data,.txt,100644,252cb1d925fe81b3b6a6eca05a807947c365b549,8132,8221,757ba6539ae875316191b27f2df63ad8b615c7bd92dda3f88f6ddbbf41b0ad84,True,OK
data/fontes-estaduais-curadas/centro-oeste/MS/MS_RICMS_ANEXO_009_PARCELAMENTO_2026-04-26.txt,data,.txt,100644,c1e2a8d64f600b9a35e75ec27d46529f248393fc,35116,35490,f86ecb84abae4c387a44bf64fc028a8e5b11edcf58bd5f1b1785354a0ca4ae81,True,OK
data/fontes-estaduais-curadas/centro-oeste/MS/MS_RICMS_ANEXO_010_ATUALIZACAO_MONETARIA_2026-04-26.txt,data,.txt,100644,be29398fe81b69f8992a6a051ea9bf49c6a79224,9584,9720,b10957a1d14c7f22ab966e56f2e14340486676792303e29b8fec1cacf3edf6fd,True,OK
data/fontes-estaduais-curadas/centro-oeste/MS/MS_RICMS_ANEXO_011_AUTO_INFRACAO_2026-04-26.txt,data,.txt,100644,98958f607e10179297439cfaac1b44da6370c3b8,9655,9802,ac7e105f0a69bc88ffb3a322b5d4a964f545f049000fa91159ea9b84bf036328,True,OK
data/fontes-estaduais-curadas/centro-oeste/MS/MS_RICMS_ANEXO_012_FISCALIZACAO_TRANSITO_2026-04-26.txt,data,.txt,100644,ab4c99dfb81d2ebdeffbd93c52ed399ed7d70a29,12019,12151,75188ae001626bd7515b07672776f59ddbe9bc0a778b1b291baec3c14a4ae75c,True,OK
data/fontes-estaduais-curadas/centro-oeste/MS/MS_RICMS_ANEXO_013_DIVIDA_ATIVA_2026-04-26.txt,data,.txt,100644,9e6b85eff2fda6937874a68b2d8257aa1bf18571,9577,9668,37dd78fec42d97373803c15a2850dd11d57ec62ac3baee8c8c0dad8f4f5260b8,True,OK
data/fontes-estaduais-curadas/centro-oeste/MS/MS_RICMS_ANEXO_014_CREDITOS_PUBLICOS_2026-04-26.txt,data,.txt,100644,f2a4b1fff58448d9cc64e8695ce05410a90251a4,12713,12869,6a99fab36a3f9501cd385a333dd741769b593b595d1304abb33e40f28b61f7ca,True,OK
data/fontes-estaduais-curadas/centro-oeste/MS/MS_RICMS_ANEXO_015_DOCUMENTOS_FISCAIS_2026-04-26.txt,data,.txt,100644,e5e47072097131f891ed42db1f88eaebacc75f87,356916,361857,bdade3bbaf0bf57ea5830bfdd9c751c27e8aff92fdb1a9977ec89f90dfef5e5b,True,OK
data/fontes-estaduais-curadas/centro-oeste/MS/MS_RICMS_ANEXO_018_AUTOMACAO_COMERCIAL_2026-04-26.txt,data,.txt,100644,245a1446e58294402e0b3e56bf9d518b88f5790f,42023,42639,c9fbb2db12c3b071522150c7994a83d1f6100291f2f9581f08100054dfa94b90,True,OK
data/fontes-estaduais-curadas/centro-oeste/MS/MS_RICMS_ANEXO_021_TABELA_TRANSPORTE_2026-04-26.txt,data,.txt,100644,f02f9c9bf3e37dac169047fdf9a4beb57ada54f6,4897,5008,baf9223a87874d829ec61a39effbe6db5b89cd5b6fe5636f841a03c476af8d96,True,OK
data/fontes-estaduais-curadas/centro-oeste/MS/MS_RICMS_ANEXO_023_IMPORTADOS_ALIQUOTA_4_2026-04-26.txt,data,.txt,100644,ca9d6c2616e39436e5324d1b6a567db6599f7bf4,16605,16778,fe008fc316910e0483a95a1b80a4839f0c80e6cf4dedb1678553409ecd07b1ad,True,OK
data/fontes-estaduais-curadas/centro-oeste/MS/MS_RICMS_ANEXO_024_CONSUMIDOR_FINAL_2026-04-26.txt,data,.txt,100644,ae0f748b2da25762ecdafce6c093283776738f85,20369,20632,d158f3365f513856174152d78f6fbd28c99f724c65efd1c04beea4e832e264f0,True,OK
data/fontes-estaduais-curadas/centro-oeste/MS/MS_RICMS_ANEXO_025_TRANSFERENCIAS_2026-04-26.txt,data,.txt,100644,fa33e397eedcc15f38e465cea33da7865ee7bdd7,24116,24333,dd1ff735655cc99ffd9c0f226734fc73dcd2b53d5c211e2012edccba2d115a5a,True,OK
data/fontes-estaduais-curadas/centro-oeste/MS/manifest.json,data,.json,100644,a393202d73aee9bc16e794d8f57ea7ba8f64cb5c,15392,15717,68de263947cd570444fc88a076f88a403368c9da13a5e0a5abbc09f00bc3bf4b,True,OK
data/fontes-estaduais-curadas/centro-oeste/MT/MT_LC_631_2019_BENEFICIOS_LC160_2026-04-26.txt,data,.txt,100644,428b617d038700a513072a58cea046911663f1af,161184,161997,fd1b1a4ad6bbd9c07b56d0b972ad374b79e38812637bd25b19355606845066b6,True,OK
data/fontes-estaduais-curadas/centro-oeste/MT/MT_LEI_7098_1998_ICMS_2026-04-26.txt,data,.txt,100644,d520c69b3ec859367a0e1a368b5b59b2695dc291,429191,431802,f760ee56980962e6f2d68ecd6d8a97624c7df97902ee68f88211c70503e17d74,True,OK
data/fontes-estaduais-curadas/centro-oeste/MT/MT_PORT_211_2024_CBENEF_2026-04-26.txt,data,.txt,100644,25a10d3dd3ec12223e11f7b051de05f9d2813c78,53330,54354,c615038fd8005096a2fcfc7495c21e3164c4a6fc3aee0e6f3210fe49af1c9ba1,True,OK
data/fontes-estaduais-curadas/centro-oeste/MT/RICMS_MT_2014_fonte_oficial_2026-04-26.txt,data,.txt,100644,013f54a11c2f483ed6903f0fc82d22cb651d5d79,3215243,3289017,1640f7085b61db9ac67b5a65c958cbe0f3ba63060b4ad8e136d3feb2a2502196,True,OK
data/fontes-estaduais-curadas/centro-oeste/MT/manifest.json,data,.json,100644,fb8f90e5e0c1a8e1665aae9e004b451aedfcb830,2950,3003,284f430331cc00ea0ca55dd734fbddba499ec5a875b2fd5730b025ecaa202579,True,OK
data/fontes-estaduais-curadas/nordeste/BA/BA_DEC_11015_2008_PRONAVAL_2026-04-26.txt,data,.txt,100644,88ea50d4912a1b437c9a409ea4710fbf06419ff6,9156,9325,c15a130aa697dcb98c5e97a6713fbe6d3f25caa8c15278275b8e02a010872656,True,OK
data/fontes-estaduais-curadas/nordeste/BA/BA_DEC_13780_2012_RICMS_2026-04-26.txt,data,.txt,100644,2dbb3f95d21c3fe1aed2b9c40474ace250db359f,960428,975389,bced9703a8d47603f5e33c0cec0adb01a1baccdb6ba6bf1c2e8f49986ce6717c,True,OK
data/fontes-estaduais-curadas/nordeste/BA/BA_DEC_18270_2018_BENEFICIOS_LC160_2026-04-26.txt,data,.txt,100644,bb1414862f292198147cf35d2e8534f723fde384,103420,110117,5587fb66a55784777395f33e9b28c01607553fb260492da104b2d1e031376847,True,OK
data/fontes-estaduais-curadas/nordeste/BA/BA_DEC_18288_2018_BENEFICIOS_LC160_2026-04-26.txt,data,.txt,100644,b4fcda7144ab89024f1aa79c748062f85ee335f9,36325,38788,9f828871c9053e85722db1a17b2e90c988a7c97cd5cf5c234556672f13df05bb,True,OK
data/fontes-estaduais-curadas/nordeste/BA/BA_DEC_18802_2018_PROIND_2026-04-26.txt,data,.txt,100644,13445b38a8895c281a80f6a52590160c9508979e,20516,20820,22b0633e23dbe2e9a8f25f950e0af1c68f7098caadd55dac1e85c016885f4f45,True,OK
data/fontes-estaduais-curadas/nordeste/BA/BA_DEC_4316_1995_INFORMATICA_ELETRONICA_2026-04-26.txt,data,.txt,100644,d8e6cd03f51ba049a5d0597a67de14e6caa43aae,65814,66779,87bb4a615085b194ef929880e2351dd3b85a21f730cd33dbb60505f365f407ed,True,OK
data/fontes-estaduais-curadas/nordeste/BA/BA_DEC_6734_1997_CREDITO_PRESUMIDO_2026-04-26.txt,data,.txt,100644,f79c84d1c965e9512ab37d322cb680205d2f4df3,231250,234638,20d2440ad86f75f461a7f0adf27c5f25f04724a4ca8473f2bd9733110823eb09,True,OK
data/fontes-estaduais-curadas/nordeste/BA/BA_DEC_8205_2002_DESENVOLVE_2026-04-26.txt,data,.txt,100644,7b5404155e5f8ac028a22a29243f1cf598030dbe,66042,67888,b63557d31a0fc7fc210aa696bc56de76407f57a137ad417f898a13410aac9d54,True,OK
data/fontes-estaduais-curadas/nordeste/BA/BA_LEI_7014_1996_ICMS_2026-04-26.txt,data,.txt,100644,943b341c8e45d2ef1b79a67f1049a21e8d4f5e8e,337894,343325,6b4ec6301c718e86bf6813e1e22644be7b70975b8e9e52b288d1ed96d77aae7b,True,OK
data/fontes-estaduais-curadas/nordeste/BA/BA_LEI_7025_1997_CREDITO_PRESUMIDO_2026-04-26.txt,data,.txt,100644,74978a0969422fed266a9c0d2d1fe48ccc92ac0e,6209,6317,db80b6953a5dc01e3f9d2f8176177c1b23efa39073733d38e73bb98471586582,True,OK
data/fontes-estaduais-curadas/nordeste/BA/BA_LEI_7980_2001_DESENVOLVE_2026-04-26.txt,data,.txt,100644,448a00ac2b9b9c6b3fcb61c6c4243457ee4f8f07,9565,9718,9f69652b81cd78d54e616f21ba8c1f329dca0459195d439b51548f76a633a2cd,True,OK
data/fontes-estaduais-curadas/nordeste/BA/BA_LEI_9829_2005_PRONAVAL_2026-04-26.txt,data,.txt,100644,fd8f3b27935a07db691c7a70f1824bf02515b4a3,4622,4702,73aa4cd5d04f63d045b7823b4cde6467a3e0a68fb17955db1c900b49c7de95c0,True,OK
data/fontes-estaduais-curadas/nordeste/BA/BA_PORT_273_2014_EFD_INCENTIVOS_2026-04-26.txt,data,.txt,100644,7baca0e9bb896e8e1e5259e52c72f8d2a07e1d1c,18762,19044,c98cefd0b5e146f6b059da21ec8c43ab39b047dd3466ed48881115d5a0f7416e,True,OK
data/fontes-estaduais-curadas/nordeste/BA/BA_RICMS_ANEXO_1_ST_2026-04-26.txt,data,.txt,100644,7b4edfacf5754d7e41ca64822b79c60bb01f0871,80586,84343,3c77558262e5b3efa13a635eb8eec0bf2e9d80025e2b6754b9eebbb682fb4515,True,OK
data/fontes-estaduais-curadas/nordeste/BA/BA_RICMS_ANEXO_2_RURAL_2026-04-26.txt,data,.txt,100644,d686cb443b416cffdd6b6442aea9bf6b18060b20,677,714,08675130d3b0900cdfb6dc1bb175b5dd485aaf0ac71aa28d14126a9cda06f102,True,OK
data/fontes-estaduais-curadas/nordeste/BA/manifest.json,data,.json,100644,00832cb880313a594a8b4bf8c9233e8d1fc52fd9,11142,11352,0f77dd53528bc4955c8b4f7357b791d872c9d98e8a7724808f025d5be8794495,True,OK
data/fontes-estaduais-curadas/nordeste/RN/RN_DEC_26789_2017_ATACADISTAS_2026-04-26.txt,data,.txt,100644,d1ae51ea51459ee22f6b255d80431ac287ea35e7,4205,4327,cfd0bdcc6ce98e6595ab159d7f867dbfff88d6856233059b1697d242c66422f3,True,OK
data/fontes-estaduais-curadas/nordeste/RN/RN_DEC_27608_2017_FUNDERN_2026-04-26.txt,data,.txt,100644,b54d8fec3bb2087186e8db78a716134043fa9c66,4960,5135,6e4d2b0595520c01bb0aa9cbc03a3bf31343469cdec4b392804f1c7df369335b,True,OK
data/fontes-estaduais-curadas/nordeste/RN/RN_DEC_29420_2019_PROEDI_2026-04-26.txt,data,.txt,100644,d6cfa02d35a838da3d51c96205fffe0256116cb3,22789,23589,ad0313e1f5ecffb38b7d09ef06ad7b08451c4722f1d2cbbb106dc486f29f635a,True,OK
data/fontes-estaduais-curadas/nordeste/RN/RN_DEC_31825_2022_RICMS_GERAL_2026-04-26.txt,data,.txt,100644,e7c0b25fbadfcf74ca5a3c32068aa6404b9b28ad,1108058,1136432,4c5e9729b8eb8ddebe030546c34f18abf4f5c5e051f9846eefec61e54dd32303,True,OK
data/fontes-estaduais-curadas/nordeste/RN/RN_LEI_10640_2019_PROEDI_2026-04-26.txt,data,.txt,100644,71380505c669d11127bb677300aa5a088231478b,6800,6991,3afae41436f7b9f4d749ec98594af1c638095ed8f9be5ecb207718af5c1ec385,True,OK
data/fontes-estaduais-curadas/nordeste/RN/RN_LEI_11999_2024_ICMS_LC87_2026-04-26.txt,data,.txt,100644,7df954c277b780206470137abacc309cefc88436,27890,28381,91ec14f0517b59430d69972f879ce3891e4dd27343091199d7f4bb01ee097079,True,OK
data/fontes-estaduais-curadas/nordeste/RN/RN_LEI_12111_2025_TAX_FREE_2026-04-26.txt,data,.txt,100644,9cb563f061140e8e2e815fcb8d51d2414ef0f1ec,6858,6999,253133c1b9f666ef008bc0219544bfcc4ec498f6046d81a802c4658cf8ab4485,True,OK
data/fontes-estaduais-curadas/nordeste/RN/RN_PORT_022_2018_BENEFICIOS_LC160_2026-04-26.txt,data,.txt,100644,aa2f2077f3813108208b296bdb71de1c2f2eaf15,26961,29442,788748d40bf3d32e109c57121938f3cda8d9a4bb2dfc9ce22a825b361a777cc4,True,OK
data/fontes-estaduais-curadas/nordeste/RN/RN_PORT_970_2025_CBENEF_2026-04-26.txt,data,.txt,100644,cee77835ab234405b22022e510a80a9464c4d276,4763,4851,bc484fae74a6ba74825d97d2e407f23c48034f5443fdf621fcc442fc8c675976,True,OK
data/fontes-estaduais-curadas/nordeste/RN/RN_RICMS_ANEXO_001_ISENCAO_2026-04-26.txt,data,.txt,100644,4c585ecf79a5a2a391c1eca7f0b2dd55d8c4820e,199960,204837,e5da95cb94644f677d8065fedb2df991c1bfdc71373fdcd7d3e56c8b322fb21c,True,OK
data/fontes-estaduais-curadas/nordeste/RN/RN_RICMS_ANEXO_002_DIFERIMENTO_2026-04-26.txt,data,.txt,100644,b434913d021ed987a2c1c7c66aa7359b91247c97,40349,41322,4cd676831c4dd63c338fe4b188dd1fb1282296e84f165c37e7ea2f4cbf118c6d,True,OK
data/fontes-estaduais-curadas/nordeste/RN/RN_RICMS_ANEXO_003_CREDITO_PRESUMIDO_2026-04-26.txt,data,.txt,100644,fa6fb284aff9b4fc8a14b80f960564670fa1c37d,37312,38259,ac8e0bc0692c0569fbdaa7ec60971905d2527c0420f7ebd54dc0397452615783,True,OK
data/fontes-estaduais-curadas/nordeste/RN/RN_RICMS_ANEXO_004_REDUCAO_BASE_2026-04-26.txt,data,.txt,100644,1f55b0062e5a9134497c4a59a7051579bad23ec5,89981,92159,00ad759b1c05880b89ceaf349e8e64601c2957f38166e9a8cfa1595cf328f4ff,True,OK
data/fontes-estaduais-curadas/nordeste/RN/RN_RICMS_ANEXO_005_ANTECIPACAO_2026-04-26.txt,data,.txt,100644,6ba245a1352039313c42ea36cb5a10e14983aa7d,99130,104549,98356f0a7ca7e9d3e2dd80d0b463a7e19ff23a324e40284612299f4e1d15ce54,True,OK
data/fontes-estaduais-curadas/nordeste/RN/RN_RICMS_ANEXO_007_ST_2026-04-26.txt,data,.txt,100644,33b93d2d353bc93e6ce85baee520499d41a0aeca,96044,102742,3096767d20bbaebde91d2a1be31da45684956faf3b1c58a9bfd7dafc07ee77f4,True,OK
data/fontes-estaduais-curadas/nordeste/RN/RN_RICMS_ANEXO_008_ST_COMBUSTIVEIS_2026-04-26.txt,data,.txt,100644,79fae2182291c47dcf9668c93bbfbfd09c48076a,111379,114131,fdf8b35761fd67f4be65d7edfc5ee2d3dd31b20d94335ff458c5e3502709e1f4,True,OK
data/fontes-estaduais-curadas/nordeste/RN/RN_RICMS_ANEXO_009_TRIGO_2026-04-26.txt,data,.txt,100644,4c44325aa72a3bff4f60ed3cedff5490285f72f6,18578,19032,1e6d95eeaee1f87cd0c8650005dbe1c6f8200eb045bcf00cfc843f5400f4e377,True,OK
data/fontes-estaduais-curadas/nordeste/RN/RN_RICMS_ANEXO_010_VEICULOS_2026-04-26.txt,data,.txt,100644,69c6181ce2010d2b9bed18bb93ae3d2ee9d1479f,13143,13455,3f7a2a551043e1245eb1f5880c7219b93dc199fcfd50907392d460867927cb4f,True,OK
data/fontes-estaduais-curadas/nordeste/RN/RN_RICMS_ANEXO_011_DOCUMENTOS_2026-04-26.txt,data,.txt,100644,e050089e974a2f2d6f1e98526340b74a08c84903,364743,374904,a1a7cbc40cebb1f79127adb3fafa2178b017136988d7b590ed7497d4b8dab187,True,OK
data/fontes-estaduais-curadas/nordeste/RN/manifest.json,data,.json,100644,6c259e2aa4e58472838b793d757348b721f8d7bc,11876,12078,12487be46501f3d115c72a989122c38bf767cbca511e47f9ce728a2ac3c39801,True,OK
data/fontes-estaduais-curadas/sudeste/ES/ES_DEC_1090_2002_RICMS_2026-04-26.txt,data,.txt,100644,286dbdf18c0610ec70ea92f9871d1369db9228ee,3266398,3288976,3d4da5b2f797584e635048e72a620b9b57bbc546391da366d2ea074f9aa5ce0b,True,OK
data/fontes-estaduais-curadas/sudeste/ES/ES_LEI_10550_2016_INVEST_ES_2026-04-26.txt,data,.txt,100644,bd8be22c2dd3b21de345c1bb032e8682f80c7789,41593,42658,8c8200abc30707e607517e91e6ae22e7ec02101efbb06b255109194f34166958,True,OK
data/fontes-estaduais-curadas/sudeste/ES/ES_LEI_10568_2016_COMPETE_ES_2026-04-26.txt,data,.txt,100644,4124ea42c463b6665df1015c105f5d6e95c103b1,98294,101160,aea67609f9000a1e05b17f8a3ac6d418b9b6cced37c935aec665f16817205fbe,True,OK
data/fontes-estaduais-curadas/sudeste/ES/ES_LEI_10574_2016_COMPETE_INVEST_2026-04-26.txt,data,.txt,100644,1cee040140251b5ed7aea0fe60bed61336c21c47,5078,5250,e57201c53be306cc623fd9f7ca05b2806b2086c5243a506481e98d9350e08beb,True,OK
data/fontes-estaduais-curadas/sudeste/ES/ES_LEI_2508_1970_FUNDAP_2026-04-26.txt,data,.txt,100644,9800b79d5baf5ea10d7085a9d3ed54afd61e2677,7781,7979,0b4d52b6c86ad7045dd7501bec6b80acdc84d3ff3bd612065b26ef63ef827c34,True,OK
data/fontes-estaduais-curadas/sudeste/ES/ES_LEI_7000_2001_ICMS_2026-04-26.txt,data,.txt,100644,b321bb13aa1677416c221dabd9b217a172360646,176828,180693,37c7a55e6513be2e9bc6a18a1c9e0ec0f8b2a06413c3c7c03459da56300d7a80,True,OK
data/fontes-estaduais-curadas/sudeste/ES/ES_TABELA_CBENEF_2026_2026-04-26.txt,data,.txt,100644,f0cf5c4db264ee46af81152da84810e861cd8277,66773,68657,2de81318cf42cad13eb6bffd33cbd36adf168ef0c2e387ba0af440196f1b2945,True,OK
data/fontes-estaduais-curadas/sudeste/ES/manifest.json,data,.json,100644,6cb99ef1251f271ec4b3342843ed83d3340388f9,3461,3533,f66f09dc73b0bfa439f90c2b1183d888c4c93aa5fa549c9b34694357abcebdf5,True,OK
data/fontes-estaduais-curadas/sudeste/MG/MG_DEC_48589_2023_RICMS_REGULAMENTO_2026-04-26.txt,data,.txt,100644,c1c3d2526f06bedeea2fe7fefa5fa1fa21a5d4fc,408901,414201,e137e66234682c079cce7e0536237cb973e268bd27514ed205fbdd50aede587a,True,OK
data/fontes-estaduais-curadas/sudeste/MG/MG_LEI_6763_1975_ICMS_2026-04-26.txt,data,.txt,100644,56273bb38d0443ccf91ba2d691d302ac1044a7f1,1334933,1359110,c98d63b55d8c90519d67f5952cc7e6ee978e48840c1550adfee0d9901af7c106,True,OK
data/fontes-estaduais-curadas/sudeste/MG/MG_RICMS_2023_ANEXO_III_CREDITO_ACUMULADO_2026-04-26.txt,data,.txt,100644,1776cc3f06923ae33202a2c79d8d32695adf8c6c,152162,154251,718a3d99d39731125982236db8ec7929a1ec826100a1dcb8bc035ea4e579b02b,True,OK
data/fontes-estaduais-curadas/sudeste/MG/MG_RICMS_2023_ANEXO_II_REDUCAO_BASE_2026-04-26.txt,data,.txt,100644,96ed30b057b25650b73f845874ce9382f2f5fb36,224344,229940,1c392d697b27782165f8369a06c483ac086694ac6e5cac7ec41838b105c880a7,True,OK
data/fontes-estaduais-curadas/sudeste/MG/MG_RICMS_2023_ANEXO_IV_CREDITO_PRESUMIDO_2026-04-26.txt,data,.txt,100644,0e12a581ed8522080a2c42d3e8fb760b48497a5a,57400,59504,0cfa706af9ec90662ce141cf6e5a00326f7faea204482586dff9dbe69519e0c7,True,OK
data/fontes-estaduais-curadas/sudeste/MG/MG_RICMS_2023_ANEXO_I_ALIQUOTAS_2026-04-26.txt,data,.txt,100644,75d056380f6a3851df46a7da941d2f246f3ee837,20479,21100,24d3e82a01986d616680d84db73912a524d905cac7d0444a9ccd21430c78d265,True,OK
data/fontes-estaduais-curadas/sudeste/MG/MG_RICMS_2023_ANEXO_VIII_DISPOSICOES_ESPECIAIS_2026-04-26.txt,data,.txt,100644,fc6c9089e1b2e11d557b1e138a39910d45d555c7,890624,903014,79bcf38aee4bacfca30c023341fea88056c7c02ebfead14df034d66025f4cc3f,True,OK
data/fontes-estaduais-curadas/sudeste/MG/MG_RICMS_2023_ANEXO_VII_ST_2026-04-26.txt,data,.txt,100644,34ce12d4caac93430f6a9949af8f57ee5f9d02af,520700,530730,739b0b661aba3093362d726851dd9a593c70fd42c3021c13cb4499c67692cb36,True,OK
data/fontes-estaduais-curadas/sudeste/MG/MG_RICMS_2023_ANEXO_VI_DIFERIMENTO_2026-04-26.txt,data,.txt,100644,7fde8cff7d1ae7b48ee72febcf65c4cbb75bedf5,69884,71005,eb1f5c89a3ed3f41ab22019b8c1101ce3dcca5187ebd40b70341665cd498e0ba,True,OK
data/fontes-estaduais-curadas/sudeste/MG/MG_RICMS_2023_ANEXO_V_DOCUMENTOS_EFD_2026-04-26.txt,data,.txt,100644,daced0f79dab5c3604337454eedb05dbef178845,269058,273085,2d8e2acbcbce9893d27df36a5cef3a7a5e5dba05304edbb87d6c25835452ad9a,True,OK
data/fontes-estaduais-curadas/sudeste/MG/manifest.json,data,.json,100644,03d99cbe1a5d259cc1c81c2fcb29f830f082f971,4897,4996,7f7d39b88b5d6367b0dbc915cf8e8fec8225130e156f94986fa653ed7d116938,True,OK
data/fontes-estaduais-curadas/sudeste/RJ/RJ_DEC_27427_2000_RICMS_LIVRO_III_CREDITO_ACUMULADO_2026-04-26.txt,data,.txt,100644,7ad602125d1a4ad1d75c75c29320d68094b8df74,19122,19376,58666ac4851064f06940378e059d4e1cff1a55e47b1f97d88dc063cfec730e99,True,OK
data/fontes-estaduais-curadas/sudeste/RJ/RJ_DEC_27427_2000_RICMS_LIVRO_II_ST_2026-04-26.txt,data,.txt,100644,470a406b3026a6b856538ab3a54419b0cc1ecdc1,82126,83526,a6cd40c4031c59011497e98d54a9c47e6fccb63a7641e5cba4e825210c9c6392,True,OK
data/fontes-estaduais-curadas/sudeste/RJ/RJ_DEC_27427_2000_RICMS_LIVRO_IV_TRANSPORTE_2026-04-26.txt,data,.txt,100644,cc70368fb02dae43f7a2a7f9165079465eeb486c,75962,78083,c286aab5dabdfed16ef628574d97cec048b4a32364ba96a1e787d15e39281bfd,True,OK
data/fontes-estaduais-curadas/sudeste/RJ/RJ_DEC_27427_2000_RICMS_LIVRO_IX_TRANSPORTE_SERVICOS_2026-04-26.txt,data,.txt,100644,27f47c731036ee88ef4f975b137f79c506e79ec0,96233,97947,795a3b3c1689d3131c55a64616abe059e13243cb3bb3a816a62e916ea179a0ae,True,OK
data/fontes-estaduais-curadas/sudeste/RJ/RJ_DEC_27427_2000_RICMS_LIVRO_I_OBRIGACAO_PRINCIPAL_2026-04-26.txt,data,.txt,100644,95cb530db4c741c6d5a540616329b8f1ecb32a0c,97970,99350,b8ca8376123c736cf60867fcf54e231c59a6370aa126bfb8bf7c6ae42b9a93de,True,OK
data/fontes-estaduais-curadas/sudeste/RJ/RJ_DEC_27427_2000_RICMS_LIVRO_VI_OBRIGACOES_ACESSORIAS_2026-04-26.txt,data,.txt,100644,0fa2487d5b3683cb0e4959a19a0a74acd83d2de0,82706,84366,f0b3fe791593b360e948d85ed06e90d51df96d02ff28f52e8e2580a7f6d27a81,True,OK
data/fontes-estaduais-curadas/sudeste/RJ/RJ_DEC_27427_2000_RICMS_LIVRO_V_DOCUMENTOS_ANTIGOS_2026-04-26.txt,data,.txt,100644,b7e64e74b365f1df22343ee54a742751808632b1,14000,14242,2d680ff14c3377a1dc4cd036151fde825a16781b79219d9a90a57c402ba8dfcf,True,OK
data/fontes-estaduais-curadas/sudeste/RJ/RJ_DEC_27427_2000_RICMS_LIVRO_XIII_VEICULOS_2026-04-26.txt,data,.txt,100644,db07ac9067cbd55ccbffa63e5df72028827a0519,21440,21812,81835399422667db9aaf53b7edc351f102d8b6e8f9f1ab00f5435b3292ae576b,True,OK
data/fontes-estaduais-curadas/sudeste/RJ/RJ_DEC_27427_2000_RICMS_LIVRO_XII_COMBUSTIVEIS_2026-04-26.txt,data,.txt,100644,dbe7a54aaefd1e235709f3dbc149df96a7f072c1,7844,7972,7a1f40d2d9e3aa1cd7256e1a1ec2e92148bdb867e381d1e002e6ace1989c8165,True,OK
data/fontes-estaduais-curadas/sudeste/RJ/RJ_DEC_27427_2000_RICMS_LIVRO_XI_IMPORTACAO_2026-04-26.txt,data,.txt,100644,cbd19a78bfe73b6a76f30a32e629db8908ce0301,24723,25063,c6900566c1125ec63164069fe133394e26d05e51207ac07de4c4cb1d5eba6152,True,OK
data/fontes-estaduais-curadas/sudeste/RJ/RJ_DEC_27427_2000_RICMS_LIVRO_X_REGIMES_ESPECIAIS_2026-04-26.txt,data,.txt,100644,fbd4bc3723c7e8fc3503e24f6475cbcf946e3dc2,48442,49222,2ca7a02ce84758b50367ff49ae7e325f56c5705e3d7fc53de03dfe570a006a24,True,OK
data/fontes-estaduais-curadas/sudeste/RJ/RJ_DEC_27815_2001_MANUAL_BENEFICIOS_2026-04-26.txt,data,.txt,100644,c6c06377bcbcd029d1c63f15657a3b25ac435952,5175,5327,d17bb2abd661982a901249f892ae75a9249a9bf1ccb7d9dcd7b21836e5dc017b,True,OK
data/fontes-estaduais-curadas/sudeste/RJ/RJ_LEI_2657_1996_ICMS_2026-04-26.txt,data,.txt,100644,caa659c3b9232facd93facd335f85fe0d540d469,384715,390163,055f7428c751bb905e9b5f8cc89007ee6fcba9a00c02b5e68a6c1fa89650f6d0,True,OK
data/fontes-estaduais-curadas/sudeste/RJ/RJ_LEI_4531_2005_SETORIAL_INDUSTRIA_2026-04-26.txt,data,.txt,100644,37a4591451357e5ade426515dc0140be65f699bc,28861,29948,f2f18c47c3a2f7f8787ecdc776bd23e650548af35afeba07e036cf009c32fc4d,True,OK
data/fontes-estaduais-curadas/sudeste/RJ/RJ_LEI_8645_2019_FOT_2026-04-26.txt,data,.txt,100644,9f3fb2c4ca4c397d3b47530b6ea0af76136c3fa9,21961,23293,515470f3c1b83f1e1dec1acb2072d4d4cfb5f5524beb5c8d46ea6d66f25ce986,True,OK
data/fontes-estaduais-curadas/sudeste/RJ/RJ_LEI_8890_2020_REPETRO_2026-04-26.txt,data,.txt,100644,a0415c9f6111df81295627a6a51df884abfafd5c,23342,24368,e2ba860fad85530f82d3b089251d4000c0aee9814c010d29814eb14f441023cf,True,OK
data/fontes-estaduais-curadas/sudeste/RJ/RJ_MANUAL_DOCUMENTOS_BENEFICIOS_2025_2026-04-26.txt,data,.txt,100644,4d0ae8d7d23e9ee9a2868814496686a6c3b2cb9b,100258,102220,439dbea7955fdc1ca272dc38487a4730d0b2478c833a1190efab3e26219de298,True,OK
data/fontes-estaduais-curadas/sudeste/RJ/RJ_PORTAL_FEEF_FOT_2026_2026-04-26.txt,data,.txt,100644,dffd0ded8de85a26137161293889a44b823e5d16,3240,3371,9cba66469d611bbcc5e668bc5689bee3fd1a5e80dc78e475620a49115fee8067,True,OK
data/fontes-estaduais-curadas/sudeste/RJ/RJ_PORTAL_TRANSPARENCIA_BENEFICIOS_2026_2026-04-26.txt,data,.txt,100644,112bd6e113c1c23f2c5fa4fa09f9da531db8d4eb,4303,4446,5d905e6c43699381eeaf746ab29aff8b8206ec775d9e8dafa88f50bfe86a07f2,True,OK
data/fontes-estaduais-curadas/sudeste/RJ/RJ_RES_SEFAZ_604_2024_EFD_BENEFICIOS_2026-04-26.txt,data,.txt,100644,7b23cb18796533c9fea834e7c90a60ea7bbd3020,2921,3048,a5bd49ba369f03c90e1c4924faf17f5e40aed3e8ecf1a469955c2343ebde0afc,True,OK
data/fontes-estaduais-curadas/sudeste/RJ/RJ_RES_SEFAZ_668_2024_SELF_STORAGE_2026-04-26.txt,data,.txt,100644,36695049d59ad3aa3e23473cc1bc6e5448af5a79,9011,9208,e94bb60787ad8b74edd6e43de369765ab26c598b760788570d48fa758d6c64ec,True,OK
data/fontes-estaduais-curadas/sudeste/RJ/RJ_RES_SEFAZ_754_2025_CCREDPRESUMIDO_2026-04-26.txt,data,.txt,100644,a3eb58a49b7999ea9e3a08af5607e35e6541d352,2606,2732,454e5c57a58235a185f596ef692feb048823a5f67e730d730c258f2b6bf069e4,True,OK
data/fontes-estaduais-curadas/sudeste/RJ/RJ_RES_SEFAZ_766_2025_REPETRO_EFD_2026-04-26.txt,data,.txt,100644,f27131543896d89b6e70afc3cdf4d971bb9eb295,4009,4138,773ae42a8bfe6382397030905aa9f323bf9be24a84c9dc08afb730b15d7440a7,True,OK
data/fontes-estaduais-curadas/sudeste/RJ/RJ_ROTEIRO_BENEFICIOS_FISCAIS_TRANSPARENCIA_2025_2026-04-26.txt,data,.txt,100644,d70bee6d61683aeb1145d3938399315eee1e7073,6575,6701,3576734bebcd68dff9f274c75c3f41b9cbe386cba64e2fc185e97dcbc6ed461b,True,OK
data/fontes-estaduais-curadas/sudeste/RJ/RJ_TABELA_CODIGO_BENEFICIO_CST_2026_2026-04-26.txt,data,.txt,100644,83a448f048623da530362279f1ef4ace3064b74e,86296,87743,5a59d9e7ed2134d4a1d74cdc4e88f98d969745e74331aa34adde7335e01ad953,True,OK
data/fontes-estaduais-curadas/sudeste/RJ/manifest.json,data,.json,100644,eb634aab5799c53b589628b409e28d977fa73378,14562,14821,c55be796b4fe71a3b0f78f123f97c5d07f8c6169362242578ecb68ef2a2255b9,True,OK
data/fontes-estaduais-curadas/sudeste/SP/SP_LEI_6374_1989_ICMS_2026-04-26.txt,data,.txt,100644,1d9302222a6620d5934ddef657b873c10e815952,413745,419621,0db06cb5b269699b7e6e5081922b74c6d39a80f31443d9fed3957ce1c954a1be,True,OK
data/fontes-estaduais-curadas/sudeste/SP/SP_PORTAL_CBENEF_NFE_2026-04-26.txt,data,.txt,100644,8974b0f72ce5255f6e9d7637574ed52b5f4d56fe,1708,1732,b9fdeb8062a162e82303b46eb625fb1a91688266dcea79da9ad8651486f11caf,True,OK
data/fontes-estaduais-curadas/sudeste/SP/SP_PORTARIA_SRE_24_2026_IVA_ST_ELETRONICOS_2026-05-23.txt,data,.txt,100644,962895053f9a59020d18186d00c3d81594c549bd,2764,2797,6c23a92d919b7a346f3f01aaf295fa900d73cbbfe089c9ea948dd7911f7428e7,True,OK
data/fontes-estaduais-curadas/sudeste/SP/SP_PORTARIA_SRE_70_2025_CBENEF_2026-04-26.txt,data,.txt,100644,40c4b8c1fd049f4b9769f45b906d1a24cd0dd65b,1944,1958,badd21d85cbb0a7db39b5f9d2c0bd5de3a0142ff369527478e55bd0dfb3aea7f,True,OK
data/fontes-estaduais-curadas/sudeste/SP/SP_RICMS_2000_INTEGRAL_2026-04-26.txt,data,.txt,100644,44c7834ac14f9ecf329a8128fa35fcc247520b03,4587541,4684644,faad7e4fb4d2780d70607a5cd2fdfe991e5325a17f51b9af12e240e2aae81005,True,OK
data/fontes-estaduais-curadas/sudeste/SP/manifest.json,data,.json,100644,c6c42f0535aafb28af303975a28e172166f4fc09,2627,2687,aba5077689d6ddb9f26e7570c195675ddbbbb1fea11fa6ba46a9e1cd9704d003,True,OK
data/fontes-estaduais-curadas/sul/PR/PR_CODIGO_BENEFICIO_FISCAL_2026-04-26.txt,data,.txt,100644,f06a9edb8b97e4902052d07282e9c6a06f66f44d,2970,3006,55c9fc8dbdedccb59046997701feebe145dde50b9718e5c2bf7de9605d307a9d,True,OK
data/fontes-estaduais-curadas/sul/PR/PR_DEC_7721_2024_PARANA_COMPETITIVO_2026-04-26.txt,data,.txt,100644,270c993c7e2e2d82a945dd766fd1c963f034020c,59784,60996,3e4991115ddd004e95e784bd6553830fbfcb87021c67bccd18cd3c1bc568b7a5,True,OK
data/fontes-estaduais-curadas/sul/PR/PR_DEC_7871_2017_RICMS_2026-04-26.txt,data,.txt,100644,8df66f593b4122b24ad0fd91af43854a9d99bdaf,3772162,3848987,88c56f2257d7512bb8b431771632a58d066045c36cf7c10d3cd942c6902cb046,True,OK
data/fontes-estaduais-curadas/sul/PR/PR_LEI_11580_1996_ICMS_2026-04-26.txt,data,.txt,100644,4f6c2c0eca24b5c799cc99d819ddee98f9b40c28,296828,301676,67dc0815a8f8058829cf48d88da3c277b721dec57273f0710504862799c770f1,True,OK
data/fontes-estaduais-curadas/sul/PR/PR_NPF_53_2018_CBENEF_2026-04-26.txt,data,.txt,100644,4ef4e66727290eb8990aa908784b2d9f495e1724,5222,5317,a54cf2f7e148e5c099f3f4fa102d61e8a27a103a6ffd034c1b8fbc7bac11610d,True,OK
data/fontes-estaduais-curadas/sul/PR/PR_PORTAL_BENEFICIOS_GERAIS_2026-04-26.txt,data,.txt,100644,b18c3a5ba73d2a48c21249ebb4679993afe4eac9,269,279,1466db927cb7593cba7bb98b50aa02bfae03999c0e83625dee74a84c7197fb9f,True,OK
data/fontes-estaduais-curadas/sul/PR/PR_PROGRAMA_PARANA_COMPETITIVO_2026-04-26.txt,data,.txt,100644,6e5bed6b99c66d1c831526475e1f25ac7b0b706c,6768,6860,411ad4a88e94baa6695d83e82aa5e51bbad37dfbf84b6bc2c90889f45d7f920e,True,OK
data/fontes-estaduais-curadas/sul/PR/PR_TABELA_CBENEF_CST_2026-04-26.txt,data,.txt,100644,9d2a39de989836c6df3170915a7437080fd65250,38160,39313,743c9c5f05f3c66fb93e7697f2c2c3237a275c05d8f895a807d319c7e10db9a4,True,OK
data/fontes-estaduais-curadas/sul/PR/manifest.json,data,.json,100644,3b1b20073b7a4fb4df3707c80d35ca7df8cae920,4109,4199,1c4bbbba7271931f3a73cdaaab3514c5dddfc079176287df36c4afd1a4a229c4,True,OK
data/fontes-estaduais-curadas/sul/RS/RS_AMPARA_RS_2026-04-26.txt,data,.txt,100644,bec8be56de9e852a65841161543f361aa0c53158,9031,9183,c157e373e20f907458d3e8ade0f84e5c80a87f701c8541f3699e50dd3cc487ec,True,OK
data/fontes-estaduais-curadas/sul/RS/RS_CREDITO_PRESUMIDO_DEMAIS_CASOS_2026-04-26.txt,data,.txt,100644,1848e10c49371f1feb5f57031fcf7bf3692b2a43,5998,6143,a070eb9ae7e3176ec35c78f9d5b3cb1b2a5fe2d4ef60563dbcd6fafde85d9a50,True,OK
data/fontes-estaduais-curadas/sul/RS/RS_CREDITO_PRESUMIDO_IMPORTACAO_2026-04-26.txt,data,.txt,100644,1ac1b8b3a1e472b7046bc86d60ef24acadc07260,10709,10857,05af634bc1595c5a13b1e462235e26be22c1b177fd37062a023b32976b06ea29,True,OK
data/fontes-estaduais-curadas/sul/RS/RS_DEC_37699_1997_RICMS_2026-04-26.txt,data,.txt,100644,6caeea089bf44ea1eabf2d5f53520d8bf3c42925,4340389,4358689,ea57050509baa35ea1542f591079daf7dbf84918f3d73ca65935bcc7d1965f71,True,OK
data/fontes-estaduais-curadas/sul/RS/RS_ICMS_IMPORTACAO_FUNDAMENTOS_2026-04-26.txt,data,.txt,100644,47ed41aaff86d09d031ede687c2b57de07b33d58,4123,4255,88ccf2d1835fdf2318017de40adc4311a866c615e934b9264b3d28af9ee8e2fa,True,OK
data/fontes-estaduais-curadas/sul/RS/manifest.json,data,.json,100644,acfad071d68653def29e6069f3e67b5a49dec290,2911,2973,6f6d9a9aec6f3ed8d80b26431cca903603897d3493178bf466ce1588444d184a,True,OK
data/fontes-estaduais-curadas/sul/SC/SC_RICMS_2001_REGULAMENTO_2026-04-26.txt,data,.txt,100644,4eb67de0c1c5b8ab01cc623605c6d4a38a10b3b7,263399,268289,3cf454af93aa8240e5d1405611417326ca0696e65ddf88337f11d3762d425d15,True,OK
data/fontes-estaduais-curadas/sul/SC/SC_RICMS_ANEXO_10_CODIGOS_2026-04-26.txt,data,.txt,100644,05674574bde8503bd832aecc9452398d9de1d66e,10958,11222,6c23a075634992f41a4427186bd2c6a28764bfba7daae74167916699087b8047,True,OK
data/fontes-estaduais-curadas/sul/SC/SC_RICMS_ANEXO_11_NFE_2026-04-26.txt,data,.txt,100644,5e4575dcc582fabc9b21e68579f5e3a90328cfef,403307,411412,1b017fb1267f8fe229323b229fd7a2ee4ebc0ddc69c7eada4f548bd15b4ad1c6,True,OK
data/fontes-estaduais-curadas/sul/SC/SC_RICMS_ANEXO_1_2026-04-26.txt,data,.txt,100644,7dd22f40b5bdfd78e03b362fb9291b3360b21518,498027,521260,b9f1a1970424627bc48e1bdf6b8ee71d6767ae0a520b48d0e97922d8982b0f15,True,OK
data/fontes-estaduais-curadas/sul/SC/SC_RICMS_ANEXO_2_BENEFICIOS_2026-04-26.txt,data,.txt,100644,3e44eb83b18277e4965be500e753ae1913431e01,669673,681970,da8b3e384bed0e5a67f389d55bc57fef4882fbf3b3e05b0a3f3d02409be60f33,True,OK
data/fontes-estaduais-curadas/sul/SC/SC_RICMS_ANEXO_3_ST_2026-04-26.txt,data,.txt,100644,f4d18d3627ed6272ecb9382e26dcdb5b50e542b7,231967,236166,701537904134098391a599c20cde9951e3d247b8a7e449d0b95a6fa2cfd4753e,True,OK
data/fontes-estaduais-curadas/sul/SC/SC_RICMS_ANEXO_5_OBRIGACOES_2026-04-26.txt,data,.txt,100644,b933d797e80617a4b4dd5e9446375155bfc64a15,233554,238071,3852e11525e266dc8b21f718d0d1d53b0dca7ccac3614a62e4edc5efbb5d9108,True,OK
data/fontes-estaduais-curadas/sul/SC/SC_RICMS_ANEXO_6_REGIMES_ESPECIAIS_2026-04-26.txt,data,.txt,100644,c7c8dec36a93b0cdc33b317a1d6bcd237ec999de,572204,582673,b181e4d66eb831d174d2cc97ef581a87e4c22c4d8d15654226f0b48f8b8996d5,True,OK
data/fontes-estaduais-curadas/sul/SC/manifest.json,data,.json,100644,58a0729e132ecaa942824536c104d22ed38b71ba,3781,3871,de40c88946d4deedbba8eac807832061d83f4ef8e06142d2a1f1edf66632b16f,True,OK
data/legal_inventory.json,data,.json,100644,1da32ea69319e8adb803717af3dc5b98ed40ce3c,2598142,2625190,9660ceb58b8df5f2f3b06ae15cc7c5326d61281257223c2cd463648638d7fa25,True,OK
data/legal_sources/federal/Decreto_12991_2026_PIS_COFINS_Combustiveis.txt,data,.txt,100644,acabc6feedb7590ec5ffcfbf8c8da3c52f74ddfd,2914,2980,1acc12c11d27f13213b451a82838da5529e316aa060db42e8bd40ad469a458af,True,OK
data/legal_sources/federal/IN_RFB_2324_2026_IPI_Suspensao.txt,data,.txt,100644,356432b85d80600cbe4f3459db850ae1426ae253,24925,25327,abcd6556619832859d0d6fec4263441264d2331a0ff6f52bc8043019887d7f34,True,OK
data/legal_sources/federal/IN_RFB_2326_2026_Valor_Aduaneiro.txt,data,.txt,100644,38a8bc74be5298a5c6dd66b97e73a9854f643bda,75558,77471,29d5295d628dfb81b4c1b2d9f4cbd4e5985d0c9594484d5ab74444cd35c12c0d,True,OK
data/legal_sources/federal/Lei_15394_2026_PIS_COFINS_Residuos.txt,data,.txt,100644,80f0ee27b6312e37d5cc466af07757800a31501a,3801,3904,2800a5e7e9b3362c14c0f488fb36131c9506e1bf2990fed15a93772efbaac3c5,True,OK
data/legal_sources/federal/MP_1357_2026_Remessas_Postais.txt,data,.txt,100644,779f1996fdbf2053b79193fd9f7488ceab5b60b4,2724,2801,a1ee41c024323382c46d128f68d62157b4e9005a6f068171c882470cf79f8344,True,OK
data/legal_sources/federal/Portaria_RFB_688_2026_Transparencia_DIRBI.txt,data,.txt,100644,19ffef14e512b450f766fcecf330ce1bdd992401,38870,40295,bd9fdd4358181429ab192407e130fe0d2f0a7e10e5b32d03d287e0ee006b9e79,True,OK
data/legal_sources/goias/Decreto_GO_10904_2026_Anexo_IX_Transmissao_Energia.txt,data,.txt,100644,d835a0a511581810b96c5c0a63937705f57d1f51,3482,3533,dced9be4bd61f9a9b3c01d772e5de428df4bab38af07e74ccb4161af1954f9e5,True,OK
data/legal_sources/goias/Decreto_GO_10905_2026_Anexo_IX_Biogas_Biometano.txt,data,.txt,100644,364eaefa173340b0827a76c1660aa23a2df34f43,6799,6846,0a0626851f102c6672cfb415dee07fcfe5a5e7c2fcf5733883b77f2c9579979c,True,OK
data/legal_sources/reforma_tributaria/Ato_Conjunto_RFB_CGIBS_1_2025_Obrigacoes_2026.txt,data,.txt,100644,d1835250bbc1c37c1727f701aff3f934cfd39749,5582,5747,46d6c2798ea17601e3c589d422654e45147dcd14c72accacaa2bf11da8a61c2f,True,OK
data/legal_sources/reforma_tributaria/Ato_Conjunto_RFB_CGIBS_2_2026_Split_Payment.txt,data,.txt,100644,edc9b05bfca7ebc809a31ee38da7f44c63515330,2312,2341,bea570b5da8c45d6c88c287718bce9f01096c1f9d07ed5c9f2d97e324c8cb3ff,True,OK
data/legal_sources/reforma_tributaria/Ato_Conjunto_RFB_CGIBS_3_2026_DeRE.txt,data,.txt,100644,c26e6fb3cb7be6920cbc35d7b573f1f7214cf3a2,2883,2935,c903229d80d3cd6619366f8a55f96a9044c72bba66ee2dc5a1e5e379babe5317,True,OK
data/legal_sources/reforma_tributaria/Decreto_12955_2026_Regulamento_CBS.txt,data,.txt,100644,588ca62857cc5526c9aec989bb932953eeb3e9f4,890325,907734,15973a783600b48fc662d834681fc6660e75eb07bf6e312b41f081925322c172,True,OK
data/legal_sources/reforma_tributaria/IT_2025_002_v1_50_Tabelas_Classificacao_IBS_CBS.txt,data,.txt,100644,f853710e942e0db5b0013cd66522306bf29e217c,22163,22624,e27d04184fa2c769aac46f908ec13da7619beed9a47adc9d6ef6d241dfb7d98b,True,OK
data/legal_sources/reforma_tributaria/NT_2025_002_v1_35_RTC_NFe_IBS_CBS_IS.txt,data,.txt,100644,d780c86d76076109092b620edc85c1c310991d89,196300,199965,141290b36baf12bec2272344ed7b452dd8ce5621c4860dc71b546f2f02078152,True,OK
data/legal_sources/reforma_tributaria/Portaria_Conjunta_MF_CGIBS_7_2026.txt,data,.txt,100644,66b567f3761c068efbced753fa23c1b06092c5f7,1811,1848,4f37c9a8a973951de085c660ea527104dc55cbfd8a16101147db6012710cee76,True,OK
data/legal_sources/reforma_tributaria/Receita_Marcos_Regulatorios_Reforma.txt,data,.txt,100644,5b84bc978b1b052bc96ceec2d456bd1b9a1ccae7,8336,8916,e8c1f8c7086f62db871241340b5d32874b5f9ddbce7c34dfa5651d172bd55d35,True,OK
data/legal_sources/reforma_tributaria/Receita_Orientacoes_Reforma_2026.txt,data,.txt,100644,25d5d0ebf3b532daa847be75924b3f7fca1474d4,11397,12031,ea5203f98a4ae161d92868bf193f7706c2d66875ee6cc1f2052af830b1f8fd1a,True,OK
data/legal_sources/reforma_tributaria/Resolucao_CGIBS_6_2026_Regulamento_IBS.txt,data,.txt,100644,7c64b9e0f98472870df33c4d46546c83e7455241,969046,983226,a3da82f3b3d803bb3a790f67224a84c528583ee792a97b3b4e6788880fba5646,True,OK
data/legal_sources/reforma_tributaria/Tabela_CST_cClassTrib_IBS_CBS_2026_04_15.txt,data,.txt,100644,36ef3ab59ea41856683684884b228c5d2d58e867,148378,148576,4cb6bcbacaedfc8e1318960078a9b6e546f0696b85a862c761ffb97be0bd8ee3,True,OK
data/legal_sources/reforma_tributaria/Tabela_cCredPres_IBS_CBS_2025_12_12.txt,data,.txt,100644,3eb9bd65581df670e39bc151ddd658e4aebe7fb2,23529,23575,46f52eeede4036788b2f0ba334776ecce7edeaddf9ed50bda900f9c8a8b8881e,True,OK
data/legal_sources/reforma_tributaria/originais/IT_2025_002_v1_50_Tabelas_Classificacao_IBS_CBS.pdf,data,.pdf,100644,7185b80d574fc68059af7c1f78e731bd868bba55,4901101,4901101,2c64d051af6c5695a00a3e01b469ed381cf82e3f7e15f0054f5eca7b3320cc9a,True,OK
data/legal_sources/reforma_tributaria/originais/NT_2025_002_v1_35_RTC_NFe_IBS_CBS_IS.pdf,data,.pdf,100644,7490f42e0dd934e77e2599890538f580980cf586,1731230,1731230,ce99aac12f51af5ebfaa46565f5bce1de90f852d079ce0f98a367e6badb108d7,True,OK
data/legal_sources/reforma_tributaria/originais/Portaria_Conjunta_MF_CGIBS_7_2026.pdf,data,.pdf,100644,43c03c25810fab9c503ec88592ca13a7f4038cce,103332,103332,5385f84c5b1d0a3458840cab467c034294e293bc64c202f1ad30a2e1d05acc5b,True,OK
data/legal_sources/reforma_tributaria/originais/Resolucao_CGIBS_6_2026_Regulamento_IBS.pdf,data,.pdf,100644,ba7e601e1d846f005a02ebb6f36a1d6f534aa548,2896452,2896452,9ed7032ef9c25bbee51bdb5e90f60e1ad01a2bf56cb41a28221c3db7f61d419a,True,OK
data/legal_sources/reforma_tributaria/originais/cClassTrib_2026_04_15.xlsx,data,.xlsx,100644,7997948098574a93f465035665686a210d9fb2a8,117399,117399,cc0242ed17ebf93e23ce892e3316850de2077fbc8cc7a82a54e0a553c045a71a,True,OK
data/legal_sources/reforma_tributaria/originais/cCredPres_2025_12_12Public.xlsx,data,.xlsx,100644,40c45d2373e8447a79a020fc819efc2afc4ff5b4,27778,27778,8d547b5afed3e82a15a6f5f41897dd99dcb686ecb21de3c1be344c8f57109df9,True,OK
data/legal_sources_registry.json,data,.json,100644,60e8480da4da80dff680deb135c0ca49682b5ba7,268536,275351,183d46fa9e00631f7bd762d6dd65592904c48cbd0a9427f7bf890e4b9641c7d2,True,OK
data/master_source_coverage.json,data,.json,100644,a5d5716385e2b818c629e7b89d07688046aa2d8f,28823,29664,aa532d65e36c0b2567186219e130967312b4c895244f5993eaedca38ce1c0ee9,True,OK
data/master_taxonomy.json,data,.json,100644,1f09a59d63a6f8df54d9a430c74b3226876a7698,15552,16094,7f03bf37e1d961bd7be92a6a66af8529819d251fd6da431b59e136bf2fc940dc,True,OK
data/ncm_benefits_index.csv,data,.csv,100644,0fcaf52c72990cfc48eaf9e34d901e63ee5bfbb3,15787768,15794819,19895fa960524d1188e3e2ba1e3950a67fbe23a3dd1071eabb308ae84142299b,True,OK
data/ncm_benefits_index.json,data,.json,100644,917abc11e1666bae2b106acb6c4e2368fbf0939e,27520404,27734849,a17775308e2537689a67186793efcf406e2af59069d6d3fbdf4c65f367f2cf7a,True,OK
data/pis-cofins/ncm-index.json,data,.json,100644,1168f850cb28809a9e462f8b105571218a97cb8b,1097268,1101967,18e33c53c33e482bbdbb1f3a5c2a5c8f92a69f3f0da5828334a2a751620b570e,True,OK
data/pis-cofins/ncm.ndjson,data,.ndjson,100644,463f7ba885aa9d8fe92c2453edd377a9504c0b58,2541485,2541776,6b1bd525ae56dd39db116caea307f7d279831f0be7ebddcda0b1e38f17d818dd,True,OK
data/portal_catalog.json,data,.json,100644,78ff86a009a1b4af21dc59bea71ce89dbc6e36e5,44271,44862,7c428de1cabaa3d6e6fce06ee364a68d33c623857d273b395180c754e2d2a21c,True,OK
data/produtos-ncm/cap-10.json,data,.json,100644,358134d392fbe69681c49e2ab128ae28ecddebfa,5966,6113,7db2485a207c80fced2e12684dcb5edb3a23b99f5e83e824a3e304a23137498b,True,OK
data/produtos-ncm/index.json,data,.json,100644,8db3797c5942d9641b2b0bc83fd52a669de866c5,3886,3978,2145534bfe266ef86662c19bb7951c60517be5042a9e377776ef53b258463fac,True,OK
data/reforma-tributaria/reselo-lc214-lc224-lc227.ndjson,data,.ndjson,100644,8a78adf92bc4d379262edadd835b7eaf95be4556,4123,4127,2fb5842cade4b5cd06c7d89e7e814d5b41aba34736f52d317fd7059fa80c046c,True,OK
data/state_curadoria.json,data,.json,100644,9d1cc1eddb5f03481b157ce63600d85d6c3a25df,11135,11331,1d1a5a1296312b0345dbe02d0eb8a15710c2051619399854d4b655bee4da3214,True,OK
data/state_source_audit.json,data,.json,100644,b12543214b794cce0c7258f4e0df0b633a210dd9,158027,162815,0eb87649e1073248fb5fc52ae54e62eec118af69096378a4777bc2e45e28b9b2,True,OK
index.html,root_surface,.html,100644,a6355d27bda577fdc3ce4a5041e1223972454d2d,929,948,f3f84f1276d7dfb911624c02ed8a56891473d60cc41d18481321254611e53368,True,OK
llms.txt,root_surface,.txt,100644,23687268cb0c95e21e251803cce036ff09b0dd89,219,223,08f53be6f0f48b242d6d82bc41ccf287ecace2088813b58f9c1f2d5205f0dd07,True,OK
robots.txt,root_surface,.txt,100644,1f53798bb4fe33c86020be7f10c44f29486fd190,26,28,331ea9090db0c9f6f597bd9840fd5b171830f6e0b3ba1cb24dfa91f0c95aedc1,True,OK
scripts/audit_benefit_cards.py,scripts,.py,100644,ae33dab9d262db5a383798be4a6c52801412c26d,7086,7255,8d4b0748b14ee5b761dfd554fa19fed5a0d3fba87a6608e79735c1e96dd92496,True,OK
scripts/audit_canonical_source_scope.py,scripts,.py,100644,09b06020cc6f137a41be86e73ffc00549526c951,131,134,078a3f824d82e9fe035c3e97686053fc067309757fddf3824b03b1e706232968,True,OK
scripts/audit_card_scope_visible.py,scripts,.py,100644,f54c84ef6bba3fb6c40bad70ef3031165deaebb7,1412,1464,283bea3edfe68f275a3da4935e1a15836a63324648e155ec2549ba8342de2aab,True,OK
scripts/audit_confaz_recent_protocols.py,scripts,.py,100644,9d6d27fba6ae2ce1aea328a45ebe9c3ea2e79b56,2805,2876,5a1c696014c089284718a6f1f3b18c359b2fc38f511c81c2ec5b4ec72dd8c803,True,OK
scripts/audit_divergence_html_json_search.py,scripts,.py,100644,4ea2cb302686cceb0d86fea6260228c9ee92eebb,2563,2626,814b80d0b918928687217e146bd4a5bc7d238a939c9537d20387db1f1fb9ae09,True,OK
scripts/audit_editorial_date_per_card.py,scripts,.py,100644,e18f0af964e238e03fdbfc00d0b5e253d1fce084,1209,1242,8f358d6c01a95f0c0254f81cb2aa4a93bf93ac4fd29de0c3fd5389d70f3424fc,True,OK
scripts/audit_field_provenance.py,scripts,.py,100644,7a7a09f2ac9b4397557c5a3ef2a94edd843ba597,125,128,c1894d4b3f44ac2214ab0a8b6aed9f2aeee3ba79796be73d0a2fcfbd74d89662,True,OK
scripts/audit_full_content_coverage.py,scripts,.py,100644,e253e28d9b1e7a39c9d5a1bca0dbd4939993807b,130,133,9ce134d0d729ef2f77332ca7e504f4130f8ac91d6a01c4d699ddc8a777a3b31a,True,OK
scripts/audit_http_platform_receipts.py,scripts,.py,100644,3ecdb4435b6964c2ec6de2866697e68932f44230,131,134,5d0335b55790d533ebe9329fcd7453fec9e8458f53bb7c9498e4fa674f42579e,True,OK
scripts/audit_index_freshness.py,scripts,.py,100644,6bd172f83f6e1e71426a186601e995413a6ede82,3318,3405,5cf3d19426a8e0207c384543b2338d2f81ae58cf3cb2e32db8678aa55d9fd322,True,OK
scripts/audit_internalization_evidence.py,scripts,.py,100644,d407a85a2b6a21d911b74072d1412e72cfcbd7fb,133,136,633d8aa3c688638f5a642f64f200733ca6b22c546fb65f1966b44906000118a2,True,OK
scripts/audit_link_health.py,scripts,.py,100644,cead6402fb6438694c492e261bc5673374df5b73,2150,2212,1a1a7607313f4ce18a681257debda15dd40cdaa5e278d1852390c866b125a4c6,True,OK
scripts/audit_link_receipts.py,scripts,.py,100644,03e18e4ca1829987959d0fe91aa5ee678d4cc689,122,125,6127ac6324c217505344b23e7f7411382205e1acd5e1c3d72693bec7a9cd3c46,True,OK
scripts/audit_master_coverage.py,scripts,.py,100644,facc8541d49c85ad9551db968f8d5fbfa8a1fd77,7528,7706,66edf4ff0175a266b1649ebc039f72549b96256f464b278d6b2c73b84d1b12f9,True,OK
scripts/audit_no_keyword_inference.py,scripts,.py,100644,f09394cc3ef0b61c43aa1f5bafb897ad338ebf61,1307,1342,987f140ec556bad3a4fcc890e777518ea4c38fd399f3f98b218366576b7f003e,True,OK
scripts/audit_no_synthetic_legal_dates.py,scripts,.py,100644,f4c06a04aa8aac7fed72af7faca4c5d93da892a7,133,136,1063f425686dbf4b0cefa6dd87c39d905e3511a67c794caa763921aa69b3de50,True,OK
scripts/audit_pis_cofins_ncm.py,scripts,.py,100644,a15e5f243435e186355c12b1edae49f68f65cb0d,6558,6717,193a02af96ff9ecfdfc4afd2a9b88f9eedea7435991684472f1f8e55ea3f9686,True,OK
scripts/audit_pis_cofins_ncm_adversarial.py,scripts,.py,100644,a28621d4b82e0e7aa08c8f7de41bdc7fd55e36c7,2927,3013,994eddabe6ee29823da9b575555b8f90930035ba33b83b637d395240f570ef58,True,OK
scripts/audit_pis_cofins_ncm_excel.py,scripts,.py,100644,6407ed3e564951873dbfa8bbfaee238531b08003,3300,3374,9066c07a14826fa9527cfec4a0c91e70cfb27875daed06eda1110e449649f84b,True,OK
scripts/audit_pis_cofins_ncm_ui.py,scripts,.py,100644,c1c6b3d66f2fc61142da8d1eff368adf018229c0,5324,5443,b5a4075c5c9d0a4ba72029f1b209ddf75d0064bf2c0f6549f91e514a96928542,True,OK
scripts/audit_portal.py,scripts,.py,100644,aa632361184fab4f74d01cf0b6f9d0bd37cfddd2,25055,25586,72320d64f0d687804aff46d7eced48a40e09098ca0fdd6617fdbc91adc59fdc7,True,OK
scripts/audit_produtos_ncm.py,scripts,.py,100644,91ce492f84160246f779803b6fb7da38947b0eb0,12573,12850,0bfbed68272c4dedece5f5a908569c586937b69347cf1a7917fd56553e7bb69b,True,OK
scripts/audit_produtos_ncm_adversarial.py,scripts,.py,100644,cd6e198e6280daa65a13a66761ab2a516775d4c1,4847,4970,e9cc8268984baac5fe57562ee8794040e559e5cc2dc2b591af249c2b8e436cbe,True,OK
scripts/audit_public_http_hashes.py,scripts,.py,100644,f3a850f036f2fbce86de51eb0457dd8b484ed0a4,127,130,eefcebf113f78efffb75ac961dcce9c18dba2587c6035df59d627a5ce548476c,True,OK
scripts/audit_public_set_algebra.py,scripts,.py,100644,b2a92501e63cb11711bf8dfe9db8894bd1076fe6,127,130,c85dc811156def452668e705f56486652784375957009e985f2c698ace32fee6,True,OK
scripts/audit_publication.py,scripts,.py,100644,594833e80307e074ea1a700092c4efdfca488122,120,123,69215154817fa028c4c753286be10144daadefdc1bd820e948ba66efdceae91e,True,OK
scripts/audit_quarantine_fingerprints.py,scripts,.py,100644,1abb371e44144539eeed601cb1d7e9c48b808368,132,135,13bcff8e792fcedd80e03de7037e6d0f1c1781852d16294dfbd8fac78ce80175,True,OK
scripts/audit_quarantine_isolation.py,scripts,.py,100644,0c35aa08173ec2582ad9aa194493b73e068617c8,1284,1327,635c820c69c748d1ce3f5a1750899f8a96c07f5a3325bca33fc4e46b19708f04,True,OK
scripts/audit_reforma_transition.py,scripts,.py,100644,824d191c36a4e1e44f05742f5ea684fb8e4a3220,891,920,1dd20a0d6bbdd758973bb7b85f21634ee2b41737bdbb37fdca0c3b7268c0c5fc,True,OK
scripts/audit_safe_pages_projection.py,scripts,.py,100644,4bec8cf71a4b1cfdcf3128f261f8569b3d6534a6,9561,9776,827d0a8c4ca8eaee3651ec1767afbbc5be91d9535e990f05df9c38bec77f7e87,True,OK
scripts/audit_state_source_quality.py,scripts,.py,100644,d45ce34465324d90847106787c9b818b1cb57b26,10969,11206,7d083b8aeb1250edfb3ec369a7633e8a81f60199b56f313dae70efc251ee8c1e,True,OK
scripts/audit_subagent_independence.py,scripts,.py,100644,a66eddbf1281e15f1bf5e7fa92b4d816595b7e8c,130,133,7e48d22c5da8e23f70b433a7c975fc3c4b0acd51103fe219b23b55a366ad492f,True,OK
scripts/audit_temporal_consistency.py,scripts,.py,100644,8813c26094fc1df94513b710e7f60a34f7a3d373,2018,2077,a613af60a8986ffdfb7a2d12a47fe6965b3e48af5da79ec3ce52ddc28da0c3ee,True,OK
scripts/audit_v2_helpers.py,scripts,.py,100644,dc5f905baf62452cdfc8d1d498ec84bf2117519c,6207,6400,8ae06a0d804bfbc7221a07d4ac183ce9ed862c7b0422d28e82ef1a62d2cafa7f,True,OK
scripts/audit_v3_readiness.py,scripts,.py,100644,dd31093e8f83c0c3ad5de143cae11c05d20eefc2,8356,8531,57b5cf78925ff963d76f19c140d7462222bce98cc57c53213e3f6e078bcfb90c,True,OK
scripts/audit_verification_receipts.py,scripts,.py,100644,aeef5f0de09bc451fc6e6c79cbfcf17d1faca3f3,130,133,b7de505abddb5c67723d10849353f6e2eb040d80ecbe310073f147a98c620ea1,True,OK
scripts/build_diff_manifest.py,scripts,.py,100644,18a96701ab73387bfcce0ca3e8fb6457d54d1bd6,2468,2539,bb44f77d417c8fd60dc775eae4a4c58839f7461036df477dadc09af1cb409a4f,True,OK
scripts/build_master_indexes.py,scripts,.py,100644,ca6a43f863ec46b3603ea558353d546b3b856075,25833,26479,2f311c538c4f3668524345061316f1d08a653abc81fc3fd03d10a62ff86179ca,True,OK
scripts/build_ncm_benefits_index.py,scripts,.py,100644,0a27150bd4f9182c1941a6a0e585fb8366397d6e,14589,15014,48dc3b7d8d30a6a4af17d33af1cd4d455080e391ba2f900fb93e465f90387439,True,OK
scripts/build_pis_cofins_ncm.py,scripts,.py,100644,c3432bd05a9d412c1ff5601d49655542447a2435,32466,33350,39edb8f16030b1c1c59dd45213e769af3877b2bb42b8304433a2515dd1d47ca8,True,OK
scripts/build_portal.py,scripts,.py,100644,12b3f231a0d207e70277136534f12f9f0298aaaa,229430,234279,3b19309ae902094d5ad6631a3e949efcfc88a2d03b40bba67d5233394d12a413,True,OK
scripts/capture_reforma_regulations.py,scripts,.py,100644,043a7f8dfc1ba18144fbf43a134fac632e8ff7ab,7710,7928,d2b3e5f506fd3a054ac2cc0ce1b0dae4dd46326a855764e0a6c35302e75958c8,True,OK
scripts/capture_state_official_sources.py,scripts,.py,100644,b75d5ed0b623fb6ef7afc85d52897a08f468f6fb,14593,14935,309ea708019238882d63749f5a2f8d6ccbeb5dd4ab14a295675ac156d3b53ec5,True,OK
scripts/export_legal_registry.py,scripts,.py,100644,52bbddcc13b6cac337a9490207df9ed59570ebb0,3601,3703,f22a2abf98a07893a5341f1436b9d29fbe5e69cfeea9128b1568d03d6e06294e,True,OK
scripts/export_pis_cofins_ncm_excel.py,scripts,.py,100644,a097c71b89927a4e4d64663075f667aaa8832fe3,12936,13248,d03678a10639397413af754e05c44bf55c064af5e771a415ba15023fc2610a51,True,OK
scripts/extract_reforma_sources.py,scripts,.py,100644,f6646a00785f04445c9af971b952914142a70458,7458,7654,3ba21f1370056f0b07a93f8a08932321aed1c2cad939804be274e7b2c72baefa,True,OK
scripts/import_cowork_portal_package.py,scripts,.py,100644,63ceed8588d4c790325e343f687762370abe9aaf,19147,19622,c22f5bdd6697d6b2fe867f0e4458bd5ea988479b193009047cb57ef1280f5fdb,True,OK
scripts/ingest_bd_legislacao.py,scripts,.py,100644,cfee8cc1c2f09eec0cb27c87de53178a6023f5f7,18554,19031,7db3fbb9c646f0d82fc8d619148a02ef035898178dc2466801d6988f7c00fd75,True,OK
scripts/legal_modules.py,scripts,.py,100644,9ae80fac80628901dc384f2e00f0fde8eb19e16c,174604,177793,1b440df11aeab2053a24c27ea8a648dffe31f4d19baa1cab5ec29b1437bf746b,True,OK
scripts/monitor_v3_inventory.py,scripts,.py,100644,557fc8062333114a86940cb8d4f937e07d7bb284,6190,6364,989eeaa0ff224aa99f33315e2e2177f8e32ff38dfe24aaf1bc527301a39f7a77,True,OK
scripts/portal_v3_gates.py,scripts,.py,100644,67d91f90f71ace526b92ee8ce689fe057e1ca884,23853,24381,518db61f3a3bdb6afa96a6dd961d1be9cd51cedfbcae17505fd08022d209b2e9,True,OK
scripts/run_portal_v3_gates.py,scripts,.py,100644,d72eac7c51819ef8a92e5fd600314d16525a2884,4929,5058,958eb0d9609ea8297a4d405bba5ce9a013b9c9cca9f5f97f3824cb39d6e91ada,True,OK
scripts/state_legal_pages.py,scripts,.py,100644,74eb9c06149feffdccb61f8ef6126c62477557ee,378769,384355,eadac52616e205a8b7de8fd3916c93a9ef0619350a08dd5886eb03d0f9f1133b,True,OK
scripts/test_safe_pages_projection_gate.py,scripts,.py,100644,bcce4ee6668f31aeb35a5f9c9f172062aee11230,5877,6009,1349b447b30640c42adae6f2ab09ce1c3ecc72f0ec0479d921fca90907e0da86,True,OK
scripts/test_validated_benefits_fail_closed.py,scripts,.py,100644,f8050cc4ef625c1f186135bff9c938c1448afcb3,6649,6808,c14a8c8047ebc270fd18636894e2412c8fff8b09d59dc106480bf8036a09a7ed,True,OK
scripts/validated_benefits.py,scripts,.py,100644,cab842c2e70022eab77e2890e64c96c9315a960a,61930,63456,716ddd1d4b2b1501e38c3a17630ee6a5992b98e59f178cd0c39574148b647299,True,OK
